profile,userId,history_size,personalized,method,rank,movieId,title,already_seen,factors,seed,alpha
historial_amplio,414,2697,True,popularity,1,1258,"Shining, The (1980)",False,10,42,0.25
historial_amplio,414,2697,True,popularity,2,8368,Harry Potter and the Prisoner of Azkaban (2004),False,10,42,0.25
historial_amplio,414,2697,True,popularity,3,19,Ace Ventura: When Nature Calls (1995),False,10,42,0.25
historial_amplio,414,2697,True,popularity,4,2324,Life Is Beautiful (La Vita è bella) (1997),False,10,42,0.25
historial_amplio,414,2697,True,popularity,5,410,Addams Family Values (1993),False,10,42,0.25
historial_amplio,414,2697,True,popularity,6,1219,Psycho (1960),False,10,42,0.25
historial_amplio,414,2697,True,popularity,7,317,"Santa Clause, The (1994)",False,10,42,0.25
historial_amplio,414,2697,True,popularity,8,520,Robin Hood: Men in Tights (1993),False,10,42,0.25
historial_amplio,414,2697,True,popularity,9,74458,Shutter Island (2010),False,10,42,0.25
historial_amplio,414,2697,True,popularity,10,48385,Borat: Cultural Learnings of America for Make Benefit Glorious Nation of Kazakhstan (2006),False,10,42,0.25
historial_amplio,414,2697,True,content,1,92259,Intouchables (2011),False,10,42,0.25
historial_amplio,414,2697,True,content,2,272,"Madness of King George, The (1994)",False,10,42,0.25
historial_amplio,414,2697,True,content,3,2431,Patch Adams (1998),False,10,42,0.25
historial_amplio,414,2697,True,content,4,2352,"Big Chill, The (1983)",False,10,42,0.25
historial_amplio,414,2697,True,content,5,1958,Terms of Endearment (1983),False,10,42,0.25
historial_amplio,414,2697,True,content,6,34437,Broken Flowers (2005),False,10,42,0.25
historial_amplio,414,2697,True,content,7,1292,Being There (1979),False,10,42,0.25
historial_amplio,414,2697,True,content,8,371,"Paper, The (1994)",False,10,42,0.25
historial_amplio,414,2697,True,content,9,194,Smoke (1995),False,10,42,0.25
historial_amplio,414,2697,True,content,10,65230,Marley & Me (2008),False,10,42,0.25
historial_amplio,414,2697,True,collaborative,1,1203,12 Angry Men (1957),False,10,42,0.25
historial_amplio,414,2697,True,collaborative,2,2324,Life Is Beautiful (La Vita è bella) (1997),False,10,42,0.25
historial_amplio,414,2697,True,collaborative,3,1230,Annie Hall (1977),False,10,42,0.25
historial_amplio,414,2697,True,collaborative,4,1219,Psycho (1960),False,10,42,0.25
historial_amplio,414,2697,True,collaborative,5,1258,"Shining, The (1980)",False,10,42,0.25
historial_amplio,414,2697,True,collaborative,6,914,My Fair Lady (1964),False,10,42,0.25
historial_amplio,414,2697,True,collaborative,7,74458,Shutter Island (2010),False,10,42,0.25
historial_amplio,414,2697,True,collaborative,8,898,"Philadelphia Story, The (1940)",False,10,42,0.25
historial_amplio,414,2697,True,collaborative,9,3089,Bicycle Thieves (a.k.a. The Bicycle Thief) (a.k.a. The Bicycle Thieves) (Ladri di biciclette) (1948),False,10,42,0.25
historial_amplio,414,2697,True,collaborative,10,3030,Yojimbo (1961),False,10,42,0.25
historial_amplio,414,2697,True,hybrid,1,1203,12 Angry Men (1957),False,10,42,0.25
historial_amplio,414,2697,True,hybrid,2,92259,Intouchables (2011),False,10,42,0.25
historial_amplio,414,2697,True,hybrid,3,898,"Philadelphia Story, The (1940)",False,10,42,0.25
historial_amplio,414,2697,True,hybrid,4,2324,Life Is Beautiful (La Vita è bella) (1997),False,10,42,0.25
historial_amplio,414,2697,True,hybrid,5,1244,Manhattan (1979),False,10,42,0.25
historial_amplio,414,2697,True,hybrid,6,1446,Kolya (Kolja) (1996),False,10,42,0.25
historial_amplio,414,2697,True,hybrid,7,3462,Modern Times (1936),False,10,42,0.25
historial_amplio,414,2697,True,hybrid,8,3089,Bicycle Thieves (a.k.a. The Bicycle Thief) (a.k.a. The Bicycle Thieves) (Ladri di biciclette) (1948),False,10,42,0.25
historial_amplio,414,2697,True,hybrid,9,58,"Postman, The (Postino, Il) (1994)",False,10,42,0.25
historial_amplio,414,2697,True,hybrid,10,3083,All About My Mother (Todo sobre mi madre) (1999),False,10,42,0.25
historial_pequeno,53,19,True,popularity,1,356,Forrest Gump (1994),False,10,42,0.25
historial_pequeno,53,19,True,popularity,2,318,"Shawshank Redemption, The (1994)",False,10,42,0.25
historial_pequeno,53,19,True,popularity,3,296,Pulp Fiction (1994),False,10,42,0.25
historial_pequeno,53,19,True,popularity,4,2571,"Matrix, The (1999)",False,10,42,0.25
historial_pequeno,53,19,True,popularity,5,593,"Silence of the Lambs, The (1991)",False,10,42,0.25
historial_pequeno,53,19,True,popularity,6,260,Star Wars: Episode IV - A New Hope (1977),False,10,42,0.25
historial_pequeno,53,19,True,popularity,7,110,Braveheart (1995),False,10,42,0.25
historial_pequeno,53,19,True,popularity,8,480,Jurassic Park (1993),False,10,42,0.25
historial_pequeno,53,19,True,popularity,9,589,Terminator 2: Judgment Day (1991),False,10,42,0.25
historial_pequeno,53,19,True,popularity,10,2959,Fight Club (1999),False,10,42,0.25
historial_pequeno,53,19,True,content,1,72142,Love Exposure (Ai No Mukidashi) (2008),False,10,42,0.25
historial_pequeno,53,19,True,content,2,539,Sleepless in Seattle (1993),False,10,42,0.25
historial_pequeno,53,19,True,content,3,1784,As Good as It Gets (1997),False,10,42,0.25
historial_pequeno,53,19,True,content,4,2396,Shakespeare in Love (1998),False,10,42,0.25
historial_pequeno,53,19,True,content,5,1247,"Graduate, The (1967)",False,10,42,0.25
historial_pequeno,53,19,True,content,6,3481,High Fidelity (2000),False,10,42,0.25
historial_pequeno,53,19,True,content,7,6711,Lost in Translation (2003),False,10,42,0.25
historial_pequeno,53,19,True,content,8,11,"American President, The (1995)",False,10,42,0.25
historial_pequeno,53,19,True,content,9,56367,Juno (2007),False,10,42,0.25
historial_pequeno,53,19,True,content,10,4246,Bridget Jones's Diary (2001),False,10,42,0.25
historial_pequeno,53,19,True,collaborative,1,95,Broken Arrow (1996),False,10,42,0.25
historial_pequeno,53,19,True,collaborative,2,2720,Inspector Gadget (1999),False,10,42,0.25
historial_pequeno,53,19,True,collaborative,3,519,RoboCop 3 (1993),False,10,42,0.25
historial_pequeno,53,19,True,collaborative,4,1831,Lost in Space (1998),False,10,42,0.25
historial_pequeno,53,19,True,collaborative,5,420,Beverly Hills Cop III (1994),False,10,42,0.25
historial_pequeno,53,19,True,collaborative,6,231,Dumb & Dumber (Dumb and Dumber) (1994),False,10,42,0.25
historial_pequeno,53,19,True,collaborative,7,160,Congo (1995),False,10,42,0.25
historial_pequeno,53,19,True,collaborative,8,743,Spy Hard (1996),False,10,42,0.25
historial_pequeno,53,19,True,collaborative,9,1381,Grease 2 (1982),False,10,42,0.25
historial_pequeno,53,19,True,collaborative,10,3623,Mission: Impossible II (2000),False,10,42,0.25
historial_pequeno,53,19,True,hybrid,1,542,Son in Law (1993),False,10,42,0.25
historial_pequeno,53,19,True,hybrid,2,4254,Crocodile Dundee in Los Angeles (2001),False,10,42,0.25
historial_pequeno,53,19,True,hybrid,3,168,First Knight (1995),False,10,42,0.25
historial_pequeno,53,19,True,hybrid,4,3257,"Bodyguard, The (1992)",False,10,42,0.25
historial_pequeno,53,19,True,hybrid,5,218,Boys on the Side (1995),False,10,42,0.25
historial_pequeno,53,19,True,hybrid,6,519,RoboCop 3 (1993),False,10,42,0.25
historial_pequeno,53,19,True,hybrid,7,420,Beverly Hills Cop III (1994),False,10,42,0.25
historial_pequeno,53,19,True,hybrid,8,1515,Volcano (1997),False,10,42,0.25
historial_pequeno,53,19,True,hybrid,9,1385,Under Siege (1992),False,10,42,0.25
historial_pequeno,53,19,True,hybrid,10,282,Nell (1994),False,10,42,0.25
usuario_nuevo,611,0,False,popularity,1,356,Forrest Gump (1994),False,10,42,0.25
usuario_nuevo,611,0,False,popularity,2,318,"Shawshank Redemption, The (1994)",False,10,42,0.25
usuario_nuevo,611,0,False,popularity,3,296,Pulp Fiction (1994),False,10,42,0.25
usuario_nuevo,611,0,False,popularity,4,2571,"Matrix, The (1999)",False,10,42,0.25
usuario_nuevo,611,0,False,popularity,5,593,"Silence of the Lambs, The (1991)",False,10,42,0.25
usuario_nuevo,611,0,False,popularity,6,260,Star Wars: Episode IV - A New Hope (1977),False,10,42,0.25
usuario_nuevo,611,0,False,popularity,7,110,Braveheart (1995),False,10,42,0.25
usuario_nuevo,611,0,False,popularity,8,480,Jurassic Park (1993),False,10,42,0.25
usuario_nuevo,611,0,False,popularity,9,589,Terminator 2: Judgment Day (1991),False,10,42,0.25
usuario_nuevo,611,0,False,popularity,10,2959,Fight Club (1999),False,10,42,0.25
usuario_nuevo,611,0,False,content,1,356,Forrest Gump (1994),False,10,42,0.25
usuario_nuevo,611,0,False,content,2,318,"Shawshank Redemption, The (1994)",False,10,42,0.25
usuario_nuevo,611,0,False,content,3,296,Pulp Fiction (1994),False,10,42,0.25
usuario_nuevo,611,0,False,content,4,2571,"Matrix, The (1999)",False,10,42,0.25
usuario_nuevo,611,0,False,content,5,593,"Silence of the Lambs, The (1991)",False,10,42,0.25
usuario_nuevo,611,0,False,content,6,260,Star Wars: Episode IV - A New Hope (1977),False,10,42,0.25
usuario_nuevo,611,0,False,content,7,110,Braveheart (1995),False,10,42,0.25
usuario_nuevo,611,0,False,content,8,480,Jurassic Park (1993),False,10,42,0.25
usuario_nuevo,611,0,False,content,9,589,Terminator 2: Judgment Day (1991),False,10,42,0.25
usuario_nuevo,611,0,False,content,10,2959,Fight Club (1999),False,10,42,0.25
usuario_nuevo,611,0,False,collaborative,1,356,Forrest Gump (1994),False,10,42,0.25
usuario_nuevo,611,0,False,collaborative,2,318,"Shawshank Redemption, The (1994)",False,10,42,0.25
usuario_nuevo,611,0,False,collaborative,3,296,Pulp Fiction (1994),False,10,42,0.25
usuario_nuevo,611,0,False,collaborative,4,2571,"Matrix, The (1999)",False,10,42,0.25
usuario_nuevo,611,0,False,collaborative,5,593,"Silence of the Lambs, The (1991)",False,10,42,0.25
usuario_nuevo,611,0,False,collaborative,6,260,Star Wars: Episode IV - A New Hope (1977),False,10,42,0.25
usuario_nuevo,611,0,False,collaborative,7,110,Braveheart (1995),False,10,42,0.25
usuario_nuevo,611,0,False,collaborative,8,480,Jurassic Park (1993),False,10,42,0.25
usuario_nuevo,611,0,False,collaborative,9,589,Terminator 2: Judgment Day (1991),False,10,42,0.25
usuario_nuevo,611,0,False,collaborative,10,2959,Fight Club (1999),False,10,42,0.25
usuario_nuevo,611,0,False,hybrid,1,356,Forrest Gump (1994),False,10,42,0.25
usuario_nuevo,611,0,False,hybrid,2,318,"Shawshank Redemption, The (1994)",False,10,42,0.25
usuario_nuevo,611,0,False,hybrid,3,296,Pulp Fiction (1994),False,10,42,0.25
usuario_nuevo,611,0,False,hybrid,4,2571,"Matrix, The (1999)",False,10,42,0.25
usuario_nuevo,611,0,False,hybrid,5,593,"Silence of the Lambs, The (1991)",False,10,42,0.25
usuario_nuevo,611,0,False,hybrid,6,260,Star Wars: Episode IV - A New Hope (1977),False,10,42,0.25
usuario_nuevo,611,0,False,hybrid,7,110,Braveheart (1995),False,10,42,0.25
usuario_nuevo,611,0,False,hybrid,8,480,Jurassic Park (1993),False,10,42,0.25
usuario_nuevo,611,0,False,hybrid,9,589,Terminator 2: Judgment Day (1991),False,10,42,0.25
usuario_nuevo,611,0,False,hybrid,10,2959,Fight Club (1999),False,10,42,0.25
historial_amplio,414,2697,True,popularity,1,1258,"Shining, The (1980)",False,10,42,0.5
historial_amplio,414,2697,True,popularity,2,8368,Harry Potter and the Prisoner of Azkaban (2004),False,10,42,0.5
historial_amplio,414,2697,True,popularity,3,19,Ace Ventura: When Nature Calls (1995),False,10,42,0.5
historial_amplio,414,2697,True,popularity,4,2324,Life Is Beautiful (La Vita è bella) (1997),False,10,42,0.5
historial_amplio,414,2697,True,popularity,5,410,Addams Family Values (1993),False,10,42,0.5
historial_amplio,414,2697,True,popularity,6,1219,Psycho (1960),False,10,42,0.5
historial_amplio,414,2697,True,popularity,7,317,"Santa Clause, The (1994)",False,10,42,0.5
historial_amplio,414,2697,True,popularity,8,520,Robin Hood: Men in Tights (1993),False,10,42,0.5
historial_amplio,414,2697,True,popularity,9,74458,Shutter Island (2010),False,10,42,0.5
historial_amplio,414,2697,True,popularity,10,48385,Borat: Cultural Learnings of America for Make Benefit Glorious Nation of Kazakhstan (2006),False,10,42,0.5
historial_amplio,414,2697,True,content,1,92259,Intouchables (2011),False,10,42,0.5
historial_amplio,414,2697,True,content,2,272,"Madness of King George, The (1994)",False,10,42,0.5
historial_amplio,414,2697,True,content,3,2431,Patch Adams (1998),False,10,42,0.5
historial_amplio,414,2697,True,content,4,2352,"Big Chill, The (1983)",False,10,42,0.5
historial_amplio,414,2697,True,content,5,1958,Terms of Endearment (1983),False,10,42,0.5
historial_amplio,414,2697,True,content,6,34437,Broken Flowers (2005),False,10,42,0.5
historial_amplio,414,2697,True,content,7,1292,Being There (1979),False,10,42,0.5
historial_amplio,414,2697,True,content,8,371,"Paper, The (1994)",False,10,42,0.5
historial_amplio,414,2697,True,content,9,194,Smoke (1995),False,10,42,0.5
historial_amplio,414,2697,True,content,10,65230,Marley & Me (2008),False,10,42,0.5
historial_amplio,414,2697,True,collaborative,1,1203,12 Angry Men (1957),False,10,42,0.5
historial_amplio,414,2697,True,collaborative,2,2324,Life Is Beautiful (La Vita è bella) (1997),False,10,42,0.5
historial_amplio,414,2697,True,collaborative,3,1230,Annie Hall (1977),False,10,42,0.5
historial_amplio,414,2697,True,collaborative,4,1219,Psycho (1960),False,10,42,0.5
historial_amplio,414,2697,True,collaborative,5,1258,"Shining, The (1980)",False,10,42,0.5
historial_amplio,414,2697,True,collaborative,6,914,My Fair Lady (1964),False,10,42,0.5
historial_amplio,414,2697,True,collaborative,7,74458,Shutter Island (2010),False,10,42,0.5
historial_amplio,414,2697,True,collaborative,8,898,"Philadelphia Story, The (1940)",False,10,42,0.5
historial_amplio,414,2697,True,collaborative,9,3089,Bicycle Thieves (a.k.a. The Bicycle Thief) (a.k.a. The Bicycle Thieves) (Ladri di biciclette) (1948),False,10,42,0.5
historial_amplio,414,2697,True,collaborative,10,3030,Yojimbo (1961),False,10,42,0.5
historial_amplio,414,2697,True,hybrid,1,1203,12 Angry Men (1957),False,10,42,0.5
historial_amplio,414,2697,True,hybrid,2,2324,Life Is Beautiful (La Vita è bella) (1997),False,10,42,0.5
historial_amplio,414,2697,True,hybrid,3,898,"Philadelphia Story, The (1940)",False,10,42,0.5
historial_amplio,414,2697,True,hybrid,4,92259,Intouchables (2011),False,10,42,0.5
historial_amplio,414,2697,True,hybrid,5,3089,Bicycle Thieves (a.k.a. The Bicycle Thief) (a.k.a. The Bicycle Thieves) (Ladri di biciclette) (1948),False,10,42,0.5
historial_amplio,414,2697,True,hybrid,6,914,My Fair Lady (1964),False,10,42,0.5
historial_amplio,414,2697,True,hybrid,7,1244,Manhattan (1979),False,10,42,0.5
historial_amplio,414,2697,True,hybrid,8,1230,Annie Hall (1977),False,10,42,0.5
historial_amplio,414,2697,True,hybrid,9,3462,Modern Times (1936),False,10,42,0.5
historial_amplio,414,2697,True,hybrid,10,3083,All About My Mother (Todo sobre mi madre) (1999),False,10,42,0.5
historial_pequeno,53,19,True,popularity,1,356,Forrest Gump (1994),False,10,42,0.5
historial_pequeno,53,19,True,popularity,2,318,"Shawshank Redemption, The (1994)",False,10,42,0.5
historial_pequeno,53,19,True,popularity,3,296,Pulp Fiction (1994),False,10,42,0.5
historial_pequeno,53,19,True,popularity,4,2571,"Matrix, The (1999)",False,10,42,0.5
historial_pequeno,53,19,True,popularity,5,593,"Silence of the Lambs, The (1991)",False,10,42,0.5
historial_pequeno,53,19,True,popularity,6,260,Star Wars: Episode IV - A New Hope (1977),False,10,42,0.5
historial_pequeno,53,19,True,popularity,7,110,Braveheart (1995),False,10,42,0.5
historial_pequeno,53,19,True,popularity,8,480,Jurassic Park (1993),False,10,42,0.5
historial_pequeno,53,19,True,popularity,9,589,Terminator 2: Judgment Day (1991),False,10,42,0.5
historial_pequeno,53,19,True,popularity,10,2959,Fight Club (1999),False,10,42,0.5
historial_pequeno,53,19,True,content,1,72142,Love Exposure (Ai No Mukidashi) (2008),False,10,42,0.5
historial_pequeno,53,19,True,content,2,539,Sleepless in Seattle (1993),False,10,42,0.5
historial_pequeno,53,19,True,content,3,1784,As Good as It Gets (1997),False,10,42,0.5
historial_pequeno,53,19,True,content,4,2396,Shakespeare in Love (1998),False,10,42,0.5
historial_pequeno,53,19,True,content,5,1247,"Graduate, The (1967)",False,10,42,0.5
historial_pequeno,53,19,True,content,6,3481,High Fidelity (2000),False,10,42,0.5
historial_pequeno,53,19,True,content,7,6711,Lost in Translation (2003),False,10,42,0.5
historial_pequeno,53,19,True,content,8,11,"American President, The (1995)",False,10,42,0.5
historial_pequeno,53,19,True,content,9,56367,Juno (2007),False,10,42,0.5
historial_pequeno,53,19,True,content,10,4246,Bridget Jones's Diary (2001),False,10,42,0.5
historial_pequeno,53,19,True,collaborative,1,95,Broken Arrow (1996),False,10,42,0.5
historial_pequeno,53,19,True,collaborative,2,2720,Inspector Gadget (1999),False,10,42,0.5
historial_pequeno,53,19,True,collaborative,3,519,RoboCop 3 (1993),False,10,42,0.5
historial_pequeno,53,19,True,collaborative,4,1831,Lost in Space (1998),False,10,42,0.5
historial_pequeno,53,19,True,collaborative,5,420,Beverly Hills Cop III (1994),False,10,42,0.5
historial_pequeno,53,19,True,collaborative,6,231,Dumb & Dumber (Dumb and Dumber) (1994),False,10,42,0.5
historial_pequeno,53,19,True,collaborative,7,160,Congo (1995),False,10,42,0.5
historial_pequeno,53,19,True,collaborative,8,743,Spy Hard (1996),False,10,42,0.5
historial_pequeno,53,19,True,collaborative,9,1381,Grease 2 (1982),False,10,42,0.5
historial_pequeno,53,19,True,collaborative,10,3623,Mission: Impossible II (2000),False,10,42,0.5
historial_pequeno,53,19,True,hybrid,1,519,RoboCop 3 (1993),False,10,42,0.5
historial_pequeno,53,19,True,hybrid,2,95,Broken Arrow (1996),False,10,42,0.5
historial_pequeno,53,19,True,hybrid,3,420,Beverly Hills Cop III (1994),False,10,42,0.5
historial_pequeno,53,19,True,hybrid,4,3257,"Bodyguard, The (1992)",False,10,42,0.5
historial_pequeno,53,19,True,hybrid,5,2720,Inspector Gadget (1999),False,10,42,0.5
historial_pequeno,53,19,True,hybrid,6,168,First Knight (1995),False,10,42,0.5
historial_pequeno,53,19,True,hybrid,7,1515,Volcano (1997),False,10,42,0.5
historial_pequeno,53,19,True,hybrid,8,1381,Grease 2 (1982),False,10,42,0.5
historial_pequeno,53,19,True,hybrid,9,542,Son in Law (1993),False,10,42,0.5
historial_pequeno,53,19,True,hybrid,10,4254,Crocodile Dundee in Los Angeles (2001),False,10,42,0.5
usuario_nuevo,611,0,False,popularity,1,356,Forrest Gump (1994),False,10,42,0.5
usuario_nuevo,611,0,False,popularity,2,318,"Shawshank Redemption, The (1994)",False,10,42,0.5
usuario_nuevo,611,0,False,popularity,3,296,Pulp Fiction (1994),False,10,42,0.5
usuario_nuevo,611,0,False,popularity,4,2571,"Matrix, The (1999)",False,10,42,0.5
usuario_nuevo,611,0,False,popularity,5,593,"Silence of the Lambs, The (1991)",False,10,42,0.5
usuario_nuevo,611,0,False,popularity,6,260,Star Wars: Episode IV - A New Hope (1977),False,10,42,0.5
usuario_nuevo,611,0,False,popularity,7,110,Braveheart (1995),False,10,42,0.5
usuario_nuevo,611,0,False,popularity,8,480,Jurassic Park (1993),False,10,42,0.5
usuario_nuevo,611,0,False,popularity,9,589,Terminator 2: Judgment Day (1991),False,10,42,0.5
usuario_nuevo,611,0,False,popularity,10,2959,Fight Club (1999),False,10,42,0.5
usuario_nuevo,611,0,False,content,1,356,Forrest Gump (1994),False,10,42,0.5
usuario_nuevo,611,0,False,content,2,318,"Shawshank Redemption, The (1994)",False,10,42,0.5
usuario_nuevo,611,0,False,content,3,296,Pulp Fiction (1994),False,10,42,0.5
usuario_nuevo,611,0,False,content,4,2571,"Matrix, The (1999)",False,10,42,0.5
usuario_nuevo,611,0,False,content,5,593,"Silence of the Lambs, The (1991)",False,10,42,0.5
usuario_nuevo,611,0,False,content,6,260,Star Wars: Episode IV - A New Hope (1977),False,10,42,0.5
usuario_nuevo,611,0,False,content,7,110,Braveheart (1995),False,10,42,0.5
usuario_nuevo,611,0,False,content,8,480,Jurassic Park (1993),False,10,42,0.5
usuario_nuevo,611,0,False,content,9,589,Terminator 2: Judgment Day (1991),False,10,42,0.5
usuario_nuevo,611,0,False,content,10,2959,Fight Club (1999),False,10,42,0.5
usuario_nuevo,611,0,False,collaborative,1,356,Forrest Gump (1994),False,10,42,0.5
usuario_nuevo,611,0,False,collaborative,2,318,"Shawshank Redemption, The (1994)",False,10,42,0.5
usuario_nuevo,611,0,False,collaborative,3,296,Pulp Fiction (1994),False,10,42,0.5
usuario_nuevo,611,0,False,collaborative,4,2571,"Matrix, The (1999)",False,10,42,0.5
usuario_nuevo,611,0,False,collaborative,5,593,"Silence of the Lambs, The (1991)",False,10,42,0.5
usuario_nuevo,611,0,False,collaborative,6,260,Star Wars: Episode IV - A New Hope (1977),False,10,42,0.5
usuario_nuevo,611,0,False,collaborative,7,110,Braveheart (1995),False,10,42,0.5
usuario_nuevo,611,0,False,collaborative,8,480,Jurassic Park (1993),False,10,42,0.5
usuario_nuevo,611,0,False,collaborative,9,589,Terminator 2: Judgment Day (1991),False,10,42,0.5
usuario_nuevo,611,0,False,collaborative,10,2959,Fight Club (1999),False,10,42,0.5
usuario_nuevo,611,0,False,hybrid,1,356,Forrest Gump (1994),False,10,42,0.5
usuario_nuevo,611,0,False,hybrid,2,318,"Shawshank Redemption, The (1994)",False,10,42,0.5
usuario_nuevo,611,0,False,hybrid,3,296,Pulp Fiction (1994),False,10,42,0.5
usuario_nuevo,611,0,False,hybrid,4,2571,"Matrix, The (1999)",False,10,42,0.5
usuario_nuevo,611,0,False,hybrid,5,593,"Silence of the Lambs, The (1991)",False,10,42,0.5
usuario_nuevo,611,0,False,hybrid,6,260,Star Wars: Episode IV - A New Hope (1977),False,10,42,0.5
usuario_nuevo,611,0,False,hybrid,7,110,Braveheart (1995),False,10,42,0.5
usuario_nuevo,611,0,False,hybrid,8,480,Jurassic Park (1993),False,10,42,0.5
usuario_nuevo,611,0,False,hybrid,9,589,Terminator 2: Judgment Day (1991),False,10,42,0.5
usuario_nuevo,611,0,False,hybrid,10,2959,Fight Club (1999),False,10,42,0.5
historial_amplio,414,2697,True,popularity,1,1258,"Shining, The (1980)",False,10,42,0.75
historial_amplio,414,2697,True,popularity,2,8368,Harry Potter and the Prisoner of Azkaban (2004),False,10,42,0.75
historial_amplio,414,2697,True,popularity,3,19,Ace Ventura: When Nature Calls (1995),False,10,42,0.75
historial_amplio,414,2697,True,popularity,4,2324,Life Is Beautiful (La Vita è bella) (1997),False,10,42,0.75
historial_amplio,414,2697,True,popularity,5,410,Addams Family Values (1993),False,10,42,0.75
historial_amplio,414,2697,True,popularity,6,1219,Psycho (1960),False,10,42,0.75
historial_amplio,414,2697,True,popularity,7,317,"Santa Clause, The (1994)",False,10,42,0.75
historial_amplio,414,2697,True,popularity,8,520,Robin Hood: Men in Tights (1993),False,10,42,0.75
historial_amplio,414,2697,True,popularity,9,74458,Shutter Island (2010),False,10,42,0.75
historial_amplio,414,2697,True,popularity,10,48385,Borat: Cultural Learnings of America for Make Benefit Glorious Nation of Kazakhstan (2006),False,10,42,0.75
historial_amplio,414,2697,True,content,1,92259,Intouchables (2011),False,10,42,0.75
historial_amplio,414,2697,True,content,2,272,"Madness of King George, The (1994)",False,10,42,0.75
historial_amplio,414,2697,True,content,3,2431,Patch Adams (1998),False,10,42,0.75
historial_amplio,414,2697,True,content,4,2352,"Big Chill, The (1983)",False,10,42,0.75
historial_amplio,414,2697,True,content,5,1958,Terms of Endearment (1983),False,10,42,0.75
historial_amplio,414,2697,True,content,6,34437,Broken Flowers (2005),False,10,42,0.75
historial_amplio,414,2697,True,content,7,1292,Being There (1979),False,10,42,0.75
historial_amplio,414,2697,True,content,8,371,"Paper, The (1994)",False,10,42,0.75
historial_amplio,414,2697,True,content,9,194,Smoke (1995),False,10,42,0.75
historial_amplio,414,2697,True,content,10,65230,Marley & Me (2008),False,10,42,0.75
historial_amplio,414,2697,True,collaborative,1,1203,12 Angry Men (1957),False,10,42,0.75
historial_amplio,414,2697,True,collaborative,2,2324,Life Is Beautiful (La Vita è bella) (1997),False,10,42,0.75
historial_amplio,414,2697,True,collaborative,3,1230,Annie Hall (1977),False,10,42,0.75
historial_amplio,414,2697,True,collaborative,4,1219,Psycho (1960),False,10,42,0.75
historial_amplio,414,2697,True,collaborative,5,1258,"Shining, The (1980)",False,10,42,0.75
historial_amplio,414,2697,True,collaborative,6,914,My Fair Lady (1964),False,10,42,0.75
historial_amplio,414,2697,True,collaborative,7,74458,Shutter Island (2010),False,10,42,0.75
historial_amplio,414,2697,True,collaborative,8,898,"Philadelphia Story, The (1940)",False,10,42,0.75
historial_amplio,414,2697,True,collaborative,9,3089,Bicycle Thieves (a.k.a. The Bicycle Thief) (a.k.a. The Bicycle Thieves) (Ladri di biciclette) (1948),False,10,42,0.75
historial_amplio,414,2697,True,collaborative,10,3030,Yojimbo (1961),False,10,42,0.75
historial_amplio,414,2697,True,hybrid,1,1203,12 Angry Men (1957),False,10,42,0.75
historial_amplio,414,2697,True,hybrid,2,2324,Life Is Beautiful (La Vita è bella) (1997),False,10,42,0.75
historial_amplio,414,2697,True,hybrid,3,898,"Philadelphia Story, The (1940)",False,10,42,0.75
historial_amplio,414,2697,True,hybrid,4,1230,Annie Hall (1977),False,10,42,0.75
historial_amplio,414,2697,True,hybrid,5,914,My Fair Lady (1964),False,10,42,0.75
historial_amplio,414,2697,True,hybrid,6,3089,Bicycle Thieves (a.k.a. The Bicycle Thief) (a.k.a. The Bicycle Thieves) (Ladri di biciclette) (1948),False,10,42,0.75
historial_amplio,414,2697,True,hybrid,7,74458,Shutter Island (2010),False,10,42,0.75
historial_amplio,414,2697,True,hybrid,8,92259,Intouchables (2011),False,10,42,0.75
historial_amplio,414,2697,True,hybrid,9,1219,Psycho (1960),False,10,42,0.75
historial_amplio,414,2697,True,hybrid,10,44555,"Lives of Others, The (Das leben der Anderen) (2006)",False,10,42,0.75
historial_pequeno,53,19,True,popularity,1,356,Forrest Gump (1994),False,10,42,0.75
historial_pequeno,53,19,True,popularity,2,318,"Shawshank Redemption, The (1994)",False,10,42,0.75
historial_pequeno,53,19,True,popularity,3,296,Pulp Fiction (1994),False,10,42,0.75
historial_pequeno,53,19,True,popularity,4,2571,"Matrix, The (1999)",False,10,42,0.75
historial_pequeno,53,19,True,popularity,5,593,"Silence of the Lambs, The (1991)",False,10,42,0.75
historial_pequeno,53,19,True,popularity,6,260,Star Wars: Episode IV - A New Hope (1977),False,10,42,0.75
historial_pequeno,53,19,True,popularity,7,110,Braveheart (1995),False,10,42,0.75
historial_pequeno,53,19,True,popularity,8,480,Jurassic Park (1993),False,10,42,0.75
historial_pequeno,53,19,True,popularity,9,589,Terminator 2: Judgment Day (1991),False,10,42,0.75
historial_pequeno,53,19,True,popularity,10,2959,Fight Club (1999),False,10,42,0.75
historial_pequeno,53,19,True,content,1,72142,Love Exposure (Ai No Mukidashi) (2008),False,10,42,0.75
historial_pequeno,53,19,True,content,2,539,Sleepless in Seattle (1993),False,10,42,0.75
historial_pequeno,53,19,True,content,3,1784,As Good as It Gets (1997),False,10,42,0.75
historial_pequeno,53,19,True,content,4,2396,Shakespeare in Love (1998),False,10,42,0.75
historial_pequeno,53,19,True,content,5,1247,"Graduate, The (1967)",False,10,42,0.75
historial_pequeno,53,19,True,content,6,3481,High Fidelity (2000),False,10,42,0.75
historial_pequeno,53,19,True,content,7,6711,Lost in Translation (2003),False,10,42,0.75
historial_pequeno,53,19,True,content,8,11,"American President, The (1995)",False,10,42,0.75
historial_pequeno,53,19,True,content,9,56367,Juno (2007),False,10,42,0.75
historial_pequeno,53,19,True,content,10,4246,Bridget Jones's Diary (2001),False,10,42,0.75
historial_pequeno,53,19,True,collaborative,1,95,Broken Arrow (1996),False,10,42,0.75
historial_pequeno,53,19,True,collaborative,2,2720,Inspector Gadget (1999),False,10,42,0.75
historial_pequeno,53,19,True,collaborative,3,519,RoboCop 3 (1993),False,10,42,0.75
historial_pequeno,53,19,True,collaborative,4,1831,Lost in Space (1998),False,10,42,0.75
historial_pequeno,53,19,True,collaborative,5,420,Beverly Hills Cop III (1994),False,10,42,0.75
historial_pequeno,53,19,True,collaborative,6,231,Dumb & Dumber (Dumb and Dumber) (1994),False,10,42,0.75
historial_pequeno,53,19,True,collaborative,7,160,Congo (1995),False,10,42,0.75
historial_pequeno,53,19,True,collaborative,8,743,Spy Hard (1996),False,10,42,0.75
historial_pequeno,53,19,True,collaborative,9,1381,Grease 2 (1982),False,10,42,0.75
historial_pequeno,53,19,True,collaborative,10,3623,Mission: Impossible II (2000),False,10,42,0.75
historial_pequeno,53,19,True,hybrid,1,95,Broken Arrow (1996),False,10,42,0.75
historial_pequeno,53,19,True,hybrid,2,2720,Inspector Gadget (1999),False,10,42,0.75
historial_pequeno,53,19,True,hybrid,3,519,RoboCop 3 (1993),False,10,42,0.75
historial_pequeno,53,19,True,hybrid,4,420,Beverly Hills Cop III (1994),False,10,42,0.75
historial_pequeno,53,19,True,hybrid,5,1831,Lost in Space (1998),False,10,42,0.75
historial_pequeno,53,19,True,hybrid,6,1381,Grease 2 (1982),False,10,42,0.75
historial_pequeno,53,19,True,hybrid,7,743,Spy Hard (1996),False,10,42,0.75
historial_pequeno,53,19,True,hybrid,8,3257,"Bodyguard, The (1992)",False,10,42,0.75
historial_pequeno,53,19,True,hybrid,9,1515,Volcano (1997),False,10,42,0.75
historial_pequeno,53,19,True,hybrid,10,231,Dumb & Dumber (Dumb and Dumber) (1994),False,10,42,0.75
usuario_nuevo,611,0,False,popularity,1,356,Forrest Gump (1994),False,10,42,0.75
usuario_nuevo,611,0,False,popularity,2,318,"Shawshank Redemption, The (1994)",False,10,42,0.75
usuario_nuevo,611,0,False,popularity,3,296,Pulp Fiction (1994),False,10,42,0.75
usuario_nuevo,611,0,False,popularity,4,2571,"Matrix, The (1999)",False,10,42,0.75
usuario_nuevo,611,0,False,popularity,5,593,"Silence of the Lambs, The (1991)",False,10,42,0.75
usuario_nuevo,611,0,False,popularity,6,260,Star Wars: Episode IV - A New Hope (1977),False,10,42,0.75
usuario_nuevo,611,0,False,popularity,7,110,Braveheart (1995),False,10,42,0.75
usuario_nuevo,611,0,False,popularity,8,480,Jurassic Park (1993),False,10,42,0.75
usuario_nuevo,611,0,False,popularity,9,589,Terminator 2: Judgment Day (1991),False,10,42,0.75
usuario_nuevo,611,0,False,popularity,10,2959,Fight Club (1999),False,10,42,0.75
usuario_nuevo,611,0,False,content,1,356,Forrest Gump (1994),False,10,42,0.75
usuario_nuevo,611,0,False,content,2,318,"Shawshank Redemption, The (1994)",False,10,42,0.75
usuario_nuevo,611,0,False,content,3,296,Pulp Fiction (1994),False,10,42,0.75
usuario_nuevo,611,0,False,content,4,2571,"Matrix, The (1999)",False,10,42,0.75
usuario_nuevo,611,0,False,content,5,593,"Silence of the Lambs, The (1991)",False,10,42,0.75
usuario_nuevo,611,0,False,content,6,260,Star Wars: Episode IV - A New Hope (1977),False,10,42,0.75
usuario_nuevo,611,0,False,content,7,110,Braveheart (1995),False,10,42,0.75
usuario_nuevo,611,0,False,content,8,480,Jurassic Park (1993),False,10,42,0.75
usuario_nuevo,611,0,False,content,9,589,Terminator 2: Judgment Day (1991),False,10,42,0.75
usuario_nuevo,611,0,False,content,10,2959,Fight Club (1999),False,10,42,0.75
usuario_nuevo,611,0,False,collaborative,1,356,Forrest Gump (1994),False,10,42,0.75
usuario_nuevo,611,0,False,collaborative,2,318,"Shawshank Redemption, The (1994)",False,10,42,0.75
usuario_nuevo,611,0,False,collaborative,3,296,Pulp Fiction (1994),False,10,42,0.75
usuario_nuevo,611,0,False,collaborative,4,2571,"Matrix, The (1999)",False,10,42,0.75
usuario_nuevo,611,0,False,collaborative,5,593,"Silence of the Lambs, The (1991)",False,10,42,0.75
usuario_nuevo,611,0,False,collaborative,6,260,Star Wars: Episode IV - A New Hope (1977),False,10,42,0.75
usuario_nuevo,611,0,False,collaborative,7,110,Braveheart (1995),False,10,42,0.75
usuario_nuevo,611,0,False,collaborative,8,480,Jurassic Park (1993),False,10,42,0.75
usuario_nuevo,611,0,False,collaborative,9,589,Terminator 2: Judgment Day (1991),False,10,42,0.75
usuario_nuevo,611,0,False,collaborative,10,2959,Fight Club (1999),False,10,42,0.75
usuario_nuevo,611,0,False,hybrid,1,356,Forrest Gump (1994),False,10,42,0.75
usuario_nuevo,611,0,False,hybrid,2,318,"Shawshank Redemption, The (1994)",False,10,42,0.75
usuario_nuevo,611,0,False,hybrid,3,296,Pulp Fiction (1994),False,10,42,0.75
usuario_nuevo,611,0,False,hybrid,4,2571,"Matrix, The (1999)",False,10,42,0.75
usuario_nuevo,611,0,False,hybrid,5,593,"Silence of the Lambs, The (1991)",False,10,42,0.75
usuario_nuevo,611,0,False,hybrid,6,260,Star Wars: Episode IV - A New Hope (1977),False,10,42,0.75
usuario_nuevo,611,0,False,hybrid,7,110,Braveheart (1995),False,10,42,0.75
usuario_nuevo,611,0,False,hybrid,8,480,Jurassic Park (1993),False,10,42,0.75
usuario_nuevo,611,0,False,hybrid,9,589,Terminator 2: Judgment Day (1991),False,10,42,0.75
usuario_nuevo,611,0,False,hybrid,10,2959,Fight Club (1999),False,10,42,0.75
historial_amplio,414,2697,True,popularity,1,1258,"Shining, The (1980)",False,10,7,0.25
historial_amplio,414,2697,True,popularity,2,8368,Harry Potter and the Prisoner of Azkaban (2004),False,10,7,0.25
historial_amplio,414,2697,True,popularity,3,19,Ace Ventura: When Nature Calls (1995),False,10,7,0.25
historial_amplio,414,2697,True,popularity,4,2324,Life Is Beautiful (La Vita è bella) (1997),False,10,7,0.25
historial_amplio,414,2697,True,popularity,5,410,Addams Family Values (1993),False,10,7,0.25
historial_amplio,414,2697,True,popularity,6,1219,Psycho (1960),False,10,7,0.25
historial_amplio,414,2697,True,popularity,7,317,"Santa Clause, The (1994)",False,10,7,0.25
historial_amplio,414,2697,True,popularity,8,520,Robin Hood: Men in Tights (1993),False,10,7,0.25
historial_amplio,414,2697,True,popularity,9,74458,Shutter Island (2010),False,10,7,0.25
historial_amplio,414,2697,True,popularity,10,48385,Borat: Cultural Learnings of America for Make Benefit Glorious Nation of Kazakhstan (2006),False,10,7,0.25
historial_amplio,414,2697,True,content,1,92259,Intouchables (2011),False,10,7,0.25
historial_amplio,414,2697,True,content,2,272,"Madness of King George, The (1994)",False,10,7,0.25
historial_amplio,414,2697,True,content,3,2431,Patch Adams (1998),False,10,7,0.25
historial_amplio,414,2697,True,content,4,2352,"Big Chill, The (1983)",False,10,7,0.25
historial_amplio,414,2697,True,content,5,1958,Terms of Endearment (1983),False,10,7,0.25
historial_amplio,414,2697,True,content,6,34437,Broken Flowers (2005),False,10,7,0.25
historial_amplio,414,2697,True,content,7,1292,Being There (1979),False,10,7,0.25
historial_amplio,414,2697,True,content,8,371,"Paper, The (1994)",False,10,7,0.25
historial_amplio,414,2697,True,content,9,194,Smoke (1995),False,10,7,0.25
historial_amplio,414,2697,True,content,10,65230,Marley & Me (2008),False,10,7,0.25
historial_amplio,414,2697,True,collaborative,1,2324,Life Is Beautiful (La Vita è bella) (1997),False,10,7,0.25
historial_amplio,414,2697,True,collaborative,2,1203,12 Angry Men (1957),False,10,7,0.25
historial_amplio,414,2697,True,collaborative,3,1230,Annie Hall (1977),False,10,7,0.25
historial_amplio,414,2697,True,collaborative,4,1219,Psycho (1960),False,10,7,0.25
historial_amplio,414,2697,True,collaborative,5,1258,"Shining, The (1980)",False,10,7,0.25
historial_amplio,414,2697,True,collaborative,6,1244,Manhattan (1979),False,10,7,0.25
historial_amplio,414,2697,True,collaborative,7,3681,For a Few Dollars More (Per qualche dollaro in più) (1965),False,10,7,0.25
historial_amplio,414,2697,True,collaborative,8,92259,Intouchables (2011),False,10,7,0.25
historial_amplio,414,2697,True,collaborative,9,44555,"Lives of Others, The (Das leben der Anderen) (2006)",False,10,7,0.25
historial_amplio,414,2697,True,collaborative,10,1209,Once Upon a Time in the West (C'era una volta il West) (1968),False,10,7,0.25
historial_amplio,414,2697,True,hybrid,1,92259,Intouchables (2011),False,10,7,0.25
historial_amplio,414,2697,True,hybrid,2,1244,Manhattan (1979),False,10,7,0.25
historial_amplio,414,2697,True,hybrid,3,1203,12 Angry Men (1957),False,10,7,0.25
historial_amplio,414,2697,True,hybrid,4,2324,Life Is Beautiful (La Vita è bella) (1997),False,10,7,0.25
historial_amplio,414,2697,True,hybrid,5,898,"Philadelphia Story, The (1940)",False,10,7,0.25
historial_amplio,414,2697,True,hybrid,6,3307,City Lights (1931),False,10,7,0.25
historial_amplio,414,2697,True,hybrid,7,2239,Swept Away (Travolti da un insolito destino nell'azzurro mare d'Agosto) (1975),False,10,7,0.25
historial_amplio,414,2697,True,hybrid,8,272,"Madness of King George, The (1994)",False,10,7,0.25
historial_amplio,414,2697,True,hybrid,9,3462,Modern Times (1936),False,10,7,0.25
historial_amplio,414,2697,True,hybrid,10,6993,Hannah and Her Sisters (1986),False,10,7,0.25
historial_pequeno,53,19,True,popularity,1,356,Forrest Gump (1994),False,10,7,0.25
historial_pequeno,53,19,True,popularity,2,318,"Shawshank Redemption, The (1994)",False,10,7,0.25
historial_pequeno,53,19,True,popularity,3,296,Pulp Fiction (1994),False,10,7,0.25
historial_pequeno,53,19,True,popularity,4,2571,"Matrix, The (1999)",False,10,7,0.25
historial_pequeno,53,19,True,popularity,5,593,"Silence of the Lambs, The (1991)",False,10,7,0.25
historial_pequeno,53,19,True,popularity,6,260,Star Wars: Episode IV - A New Hope (1977),False,10,7,0.25
historial_pequeno,53,19,True,popularity,7,110,Braveheart (1995),False,10,7,0.25
historial_pequeno,53,19,True,popularity,8,480,Jurassic Park (1993),False,10,7,0.25
historial_pequeno,53,19,True,popularity,9,589,Terminator 2: Judgment Day (1991),False,10,7,0.25
historial_pequeno,53,19,True,popularity,10,2959,Fight Club (1999),False,10,7,0.25
historial_pequeno,53,19,True,content,1,72142,Love Exposure (Ai No Mukidashi) (2008),False,10,7,0.25
historial_pequeno,53,19,True,content,2,539,Sleepless in Seattle (1993),False,10,7,0.25
historial_pequeno,53,19,True,content,3,1784,As Good as It Gets (1997),False,10,7,0.25
historial_pequeno,53,19,True,content,4,2396,Shakespeare in Love (1998),False,10,7,0.25
historial_pequeno,53,19,True,content,5,1247,"Graduate, The (1967)",False,10,7,0.25
historial_pequeno,53,19,True,content,6,3481,High Fidelity (2000),False,10,7,0.25
historial_pequeno,53,19,True,content,7,6711,Lost in Translation (2003),False,10,7,0.25
historial_pequeno,53,19,True,content,8,11,"American President, The (1995)",False,10,7,0.25
historial_pequeno,53,19,True,content,9,56367,Juno (2007),False,10,7,0.25
historial_pequeno,53,19,True,content,10,4246,Bridget Jones's Diary (2001),False,10,7,0.25
historial_pequeno,53,19,True,collaborative,1,1972,"Nightmare on Elm Street 5: The Dream Child, A (1989)",False,10,7,0.25
historial_pequeno,53,19,True,collaborative,2,318,"Shawshank Redemption, The (1994)",False,10,7,0.25
historial_pequeno,53,19,True,collaborative,3,1097,E.T. the Extra-Terrestrial (1982),False,10,7,0.25
historial_pequeno,53,19,True,collaborative,4,2953,Home Alone 2: Lost in New York (1992),False,10,7,0.25
historial_pequeno,53,19,True,collaborative,5,110,Braveheart (1995),False,10,7,0.25
historial_pequeno,53,19,True,collaborative,6,1721,Titanic (1997),False,10,7,0.25
historial_pequeno,53,19,True,collaborative,7,2471,Crocodile Dundee II (1988),False,10,7,0.25
historial_pequeno,53,19,True,collaborative,8,1499,Anaconda (1997),False,10,7,0.25
historial_pequeno,53,19,True,collaborative,9,432,City Slickers II: The Legend of Curly's Gold (1994),False,10,7,0.25
historial_pequeno,53,19,True,collaborative,10,4299,"Knight's Tale, A (2001)",False,10,7,0.25
historial_pequeno,53,19,True,hybrid,1,3825,Coyote Ugly (2000),False,10,7,0.25
historial_pequeno,53,19,True,hybrid,2,1721,Titanic (1997),False,10,7,0.25
historial_pequeno,53,19,True,hybrid,3,372,Reality Bites (1994),False,10,7,0.25
historial_pequeno,53,19,True,hybrid,4,3361,Bull Durham (1988),False,10,7,0.25
historial_pequeno,53,19,True,hybrid,5,4299,"Knight's Tale, A (2001)",False,10,7,0.25
historial_pequeno,53,19,True,hybrid,6,45720,"Devil Wears Prada, The (2006)",False,10,7,0.25
historial_pequeno,53,19,True,hybrid,7,2006,"Mask of Zorro, The (1998)",False,10,7,0.25
historial_pequeno,53,19,True,hybrid,8,356,Forrest Gump (1994),False,10,7,0.25
historial_pequeno,53,19,True,hybrid,9,1203,12 Angry Men (1957),False,10,7,0.25
historial_pequeno,53,19,True,hybrid,10,318,"Shawshank Redemption, The (1994)",False,10,7,0.25
usuario_nuevo,611,0,False,popularity,1,356,Forrest Gump (1994),False,10,7,0.25
usuario_nuevo,611,0,False,popularity,2,318,"Shawshank Redemption, The (1994)",False,10,7,0.25
usuario_nuevo,611,0,False,popularity,3,296,Pulp Fiction (1994),False,10,7,0.25
usuario_nuevo,611,0,False,popularity,4,2571,"Matrix, The (1999)",False,10,7,0.25
usuario_nuevo,611,0,False,popularity,5,593,"Silence of the Lambs, The (1991)",False,10,7,0.25
usuario_nuevo,611,0,False,popularity,6,260,Star Wars: Episode IV - A New Hope (1977),False,10,7,0.25
usuario_nuevo,611,0,False,popularity,7,110,Braveheart (1995),False,10,7,0.25
usuario_nuevo,611,0,False,popularity,8,480,Jurassic Park (1993),False,10,7,0.25
usuario_nuevo,611,0,False,popularity,9,589,Terminator 2: Judgment Day (1991),False,10,7,0.25
usuario_nuevo,611,0,False,popularity,10,2959,Fight Club (1999),False,10,7,0.25
usuario_nuevo,611,0,False,content,1,356,Forrest Gump (1994),False,10,7,0.25
usuario_nuevo,611,0,False,content,2,318,"Shawshank Redemption, The (1994)",False,10,7,0.25
usuario_nuevo,611,0,False,content,3,296,Pulp Fiction (1994),False,10,7,0.25
usuario_nuevo,611,0,False,content,4,2571,"Matrix, The (1999)",False,10,7,0.25
usuario_nuevo,611,0,False,content,5,593,"Silence of the Lambs, The (1991)",False,10,7,0.25
usuario_nuevo,611,0,False,content,6,260,Star Wars: Episode IV - A New Hope (1977),False,10,7,0.25
usuario_nuevo,611,0,False,content,7,110,Braveheart (1995),False,10,7,0.25
usuario_nuevo,611,0,False,content,8,480,Jurassic Park (1993),False,10,7,0.25
usuario_nuevo,611,0,False,content,9,589,Terminator 2: Judgment Day (1991),False,10,7,0.25
usuario_nuevo,611,0,False,content,10,2959,Fight Club (1999),False,10,7,0.25
usuario_nuevo,611,0,False,collaborative,1,356,Forrest Gump (1994),False,10,7,0.25
usuario_nuevo,611,0,False,collaborative,2,318,"Shawshank Redemption, The (1994)",False,10,7,0.25
usuario_nuevo,611,0,False,collaborative,3,296,Pulp Fiction (1994),False,10,7,0.25
usuario_nuevo,611,0,False,collaborative,4,2571,"Matrix, The (1999)",False,10,7,0.25
usuario_nuevo,611,0,False,collaborative,5,593,"Silence of the Lambs, The (1991)",False,10,7,0.25
usuario_nuevo,611,0,False,collaborative,6,260,Star Wars: Episode IV - A New Hope (1977),False,10,7,0.25
usuario_nuevo,611,0,False,collaborative,7,110,Braveheart (1995),False,10,7,0.25
usuario_nuevo,611,0,False,collaborative,8,480,Jurassic Park (1993),False,10,7,0.25
usuario_nuevo,611,0,False,collaborative,9,589,Terminator 2: Judgment Day (1991),False,10,7,0.25
usuario_nuevo,611,0,False,collaborative,10,2959,Fight Club (1999),False,10,7,0.25
usuario_nuevo,611,0,False,hybrid,1,356,Forrest Gump (1994),False,10,7,0.25
usuario_nuevo,611,0,False,hybrid,2,318,"Shawshank Redemption, The (1994)",False,10,7,0.25
usuario_nuevo,611,0,False,hybrid,3,296,Pulp Fiction (1994),False,10,7,0.25
usuario_nuevo,611,0,False,hybrid,4,2571,"Matrix, The (1999)",False,10,7,0.25
usuario_nuevo,611,0,False,hybrid,5,593,"Silence of the Lambs, The (1991)",False,10,7,0.25
usuario_nuevo,611,0,False,hybrid,6,260,Star Wars: Episode IV - A New Hope (1977),False,10,7,0.25
usuario_nuevo,611,0,False,hybrid,7,110,Braveheart (1995),False,10,7,0.25
usuario_nuevo,611,0,False,hybrid,8,480,Jurassic Park (1993),False,10,7,0.25
usuario_nuevo,611,0,False,hybrid,9,589,Terminator 2: Judgment Day (1991),False,10,7,0.25
usuario_nuevo,611,0,False,hybrid,10,2959,Fight Club (1999),False,10,7,0.25
historial_amplio,414,2697,True,popularity,1,1258,"Shining, The (1980)",False,10,7,0.5
historial_amplio,414,2697,True,popularity,2,8368,Harry Potter and the Prisoner of Azkaban (2004),False,10,7,0.5
historial_amplio,414,2697,True,popularity,3,19,Ace Ventura: When Nature Calls (1995),False,10,7,0.5
historial_amplio,414,2697,True,popularity,4,2324,Life Is Beautiful (La Vita è bella) (1997),False,10,7,0.5
historial_amplio,414,2697,True,popularity,5,410,Addams Family Values (1993),False,10,7,0.5
historial_amplio,414,2697,True,popularity,6,1219,Psycho (1960),False,10,7,0.5
historial_amplio,414,2697,True,popularity,7,317,"Santa Clause, The (1994)",False,10,7,0.5
historial_amplio,414,2697,True,popularity,8,520,Robin Hood: Men in Tights (1993),False,10,7,0.5
historial_amplio,414,2697,True,popularity,9,74458,Shutter Island (2010),False,10,7,0.5
historial_amplio,414,2697,True,popularity,10,48385,Borat: Cultural Learnings of America for Make Benefit Glorious Nation of Kazakhstan (2006),False,10,7,0.5
historial_amplio,414,2697,True,content,1,92259,Intouchables (2011),False,10,7,0.5
historial_amplio,414,2697,True,content,2,272,"Madness of King George, The (1994)",False,10,7,0.5
historial_amplio,414,2697,True,content,3,2431,Patch Adams (1998),False,10,7,0.5
historial_amplio,414,2697,True,content,4,2352,"Big Chill, The (1983)",False,10,7,0.5
historial_amplio,414,2697,True,content,5,1958,Terms of Endearment (1983),False,10,7,0.5
historial_amplio,414,2697,True,content,6,34437,Broken Flowers (2005),False,10,7,0.5
historial_amplio,414,2697,True,content,7,1292,Being There (1979),False,10,7,0.5
historial_amplio,414,2697,True,content,8,371,"Paper, The (1994)",False,10,7,0.5
historial_amplio,414,2697,True,content,9,194,Smoke (1995),False,10,7,0.5
historial_amplio,414,2697,True,content,10,65230,Marley & Me (2008),False,10,7,0.5
historial_amplio,414,2697,True,collaborative,1,2324,Life Is Beautiful (La Vita è bella) (1997),False,10,7,0.5
historial_amplio,414,2697,True,collaborative,2,1203,12 Angry Men (1957),False,10,7,0.5
historial_amplio,414,2697,True,collaborative,3,1230,Annie Hall (1977),False,10,7,0.5
historial_amplio,414,2697,True,collaborative,4,1219,Psycho (1960),False,10,7,0.5
historial_amplio,414,2697,True,collaborative,5,1258,"Shining, The (1980)",False,10,7,0.5
historial_amplio,414,2697,True,collaborative,6,1244,Manhattan (1979),False,10,7,0.5
historial_amplio,414,2697,True,collaborative,7,3681,For a Few Dollars More (Per qualche dollaro in più) (1965),False,10,7,0.5
historial_amplio,414,2697,True,collaborative,8,92259,Intouchables (2011),False,10,7,0.5
historial_amplio,414,2697,True,collaborative,9,44555,"Lives of Others, The (Das leben der Anderen) (2006)",False,10,7,0.5
historial_amplio,414,2697,True,collaborative,10,1209,Once Upon a Time in the West (C'era una volta il West) (1968),False,10,7,0.5
historial_amplio,414,2697,True,hybrid,1,1203,12 Angry Men (1957),False,10,7,0.5
historial_amplio,414,2697,True,hybrid,2,2324,Life Is Beautiful (La Vita è bella) (1997),False,10,7,0.5
historial_amplio,414,2697,True,hybrid,3,92259,Intouchables (2011),False,10,7,0.5
historial_amplio,414,2697,True,hybrid,4,1244,Manhattan (1979),False,10,7,0.5
historial_amplio,414,2697,True,hybrid,5,1230,Annie Hall (1977),False,10,7,0.5
historial_amplio,414,2697,True,hybrid,6,44555,"Lives of Others, The (Das leben der Anderen) (2006)",False,10,7,0.5
historial_amplio,414,2697,True,hybrid,7,898,"Philadelphia Story, The (1940)",False,10,7,0.5
historial_amplio,414,2697,True,hybrid,8,954,Mr. Smith Goes to Washington (1939),False,10,7,0.5
historial_amplio,414,2697,True,hybrid,9,3468,"Hustler, The (1961)",False,10,7,0.5
historial_amplio,414,2697,True,hybrid,10,3307,City Lights (1931),False,10,7,0.5
historial_pequeno,53,19,True,popularity,1,356,Forrest Gump (1994),False,10,7,0.5
historial_pequeno,53,19,True,popularity,2,318,"Shawshank Redemption, The (1994)",False,10,7,0.5
historial_pequeno,53,19,True,popularity,3,296,Pulp Fiction (1994),False,10,7,0.5
historial_pequeno,53,19,True,popularity,4,2571,"Matrix, The (1999)",False,10,7,0.5
historial_pequeno,53,19,True,popularity,5,593,"Silence of the Lambs, The (1991)",False,10,7,0.5
historial_pequeno,53,19,True,popularity,6,260,Star Wars: Episode IV - A New Hope (1977),False,10,7,0.5
historial_pequeno,53,19,True,popularity,7,110,Braveheart (1995),False,10,7,0.5
historial_pequeno,53,19,True,popularity,8,480,Jurassic Park (1993),False,10,7,0.5
historial_pequeno,53,19,True,popularity,9,589,Terminator 2: Judgment Day (1991),False,10,7,0.5
historial_pequeno,53,19,True,popularity,10,2959,Fight Club (1999),False,10,7,0.5
historial_pequeno,53,19,True,content,1,72142,Love Exposure (Ai No Mukidashi) (2008),False,10,7,0.5
historial_pequeno,53,19,True,content,2,539,Sleepless in Seattle (1993),False,10,7,0.5
historial_pequeno,53,19,True,content,3,1784,As Good as It Gets (1997),False,10,7,0.5
historial_pequeno,53,19,True,content,4,2396,Shakespeare in Love (1998),False,10,7,0.5
historial_pequeno,53,19,True,content,5,1247,"Graduate, The (1967)",False,10,7,0.5
historial_pequeno,53,19,True,content,6,3481,High Fidelity (2000),False,10,7,0.5
historial_pequeno,53,19,True,content,7,6711,Lost in Translation (2003),False,10,7,0.5
historial_pequeno,53,19,True,content,8,11,"American President, The (1995)",False,10,7,0.5
historial_pequeno,53,19,True,content,9,56367,Juno (2007),False,10,7,0.5
historial_pequeno,53,19,True,content,10,4246,Bridget Jones's Diary (2001),False,10,7,0.5
historial_pequeno,53,19,True,collaborative,1,1972,"Nightmare on Elm Street 5: The Dream Child, A (1989)",False,10,7,0.5
historial_pequeno,53,19,True,collaborative,2,318,"Shawshank Redemption, The (1994)",False,10,7,0.5
historial_pequeno,53,19,True,collaborative,3,1097,E.T. the Extra-Terrestrial (1982),False,10,7,0.5
historial_pequeno,53,19,True,collaborative,4,2953,Home Alone 2: Lost in New York (1992),False,10,7,0.5
historial_pequeno,53,19,True,collaborative,5,110,Braveheart (1995),False,10,7,0.5
historial_pequeno,53,19,True,collaborative,6,1721,Titanic (1997),False,10,7,0.5
historial_pequeno,53,19,True,collaborative,7,2471,Crocodile Dundee II (1988),False,10,7,0.5
historial_pequeno,53,19,True,collaborative,8,1499,Anaconda (1997),False,10,7,0.5
historial_pequeno,53,19,True,collaborative,9,432,City Slickers II: The Legend of Curly's Gold (1994),False,10,7,0.5
historial_pequeno,53,19,True,collaborative,10,4299,"Knight's Tale, A (2001)",False,10,7,0.5
historial_pequeno,53,19,True,hybrid,1,1721,Titanic (1997),False,10,7,0.5
historial_pequeno,53,19,True,hybrid,2,318,"Shawshank Redemption, The (1994)",False,10,7,0.5
historial_pequeno,53,19,True,hybrid,3,4299,"Knight's Tale, A (2001)",False,10,7,0.5
historial_pequeno,53,19,True,hybrid,4,356,Forrest Gump (1994),False,10,7,0.5
historial_pequeno,53,19,True,hybrid,5,2471,Crocodile Dundee II (1988),False,10,7,0.5
historial_pequeno,53,19,True,hybrid,6,110,Braveheart (1995),False,10,7,0.5
historial_pequeno,53,19,True,hybrid,7,2006,"Mask of Zorro, The (1998)",False,10,7,0.5
historial_pequeno,53,19,True,hybrid,8,3825,Coyote Ugly (2000),False,10,7,0.5
historial_pequeno,53,19,True,hybrid,9,1203,12 Angry Men (1957),False,10,7,0.5
historial_pequeno,53,19,True,hybrid,10,1097,E.T. the Extra-Terrestrial (1982),False,10,7,0.5
usuario_nuevo,611,0,False,popularity,1,356,Forrest Gump (1994),False,10,7,0.5
usuario_nuevo,611,0,False,popularity,2,318,"Shawshank Redemption, The (1994)",False,10,7,0.5
usuario_nuevo,611,0,False,popularity,3,296,Pulp Fiction (1994),False,10,7,0.5
usuario_nuevo,611,0,False,popularity,4,2571,"Matrix, The (1999)",False,10,7,0.5
usuario_nuevo,611,0,False,popularity,5,593,"Silence of the Lambs, The (1991)",False,10,7,0.5
usuario_nuevo,611,0,False,popularity,6,260,Star Wars: Episode IV - A New Hope (1977),False,10,7,0.5
usuario_nuevo,611,0,False,popularity,7,110,Braveheart (1995),False,10,7,0.5
usuario_nuevo,611,0,False,popularity,8,480,Jurassic Park (1993),False,10,7,0.5
usuario_nuevo,611,0,False,popularity,9,589,Terminator 2: Judgment Day (1991),False,10,7,0.5
usuario_nuevo,611,0,False,popularity,10,2959,Fight Club (1999),False,10,7,0.5
usuario_nuevo,611,0,False,content,1,356,Forrest Gump (1994),False,10,7,0.5
usuario_nuevo,611,0,False,content,2,318,"Shawshank Redemption, The (1994)",False,10,7,0.5
usuario_nuevo,611,0,False,content,3,296,Pulp Fiction (1994),False,10,7,0.5
usuario_nuevo,611,0,False,content,4,2571,"Matrix, The (1999)",False,10,7,0.5
usuario_nuevo,611,0,False,content,5,593,"Silence of the Lambs, The (1991)",False,10,7,0.5
usuario_nuevo,611,0,False,content,6,260,Star Wars: Episode IV - A New Hope (1977),False,10,7,0.5
usuario_nuevo,611,0,False,content,7,110,Braveheart (1995),False,10,7,0.5
usuario_nuevo,611,0,False,content,8,480,Jurassic Park (1993),False,10,7,0.5
usuario_nuevo,611,0,False,content,9,589,Terminator 2: Judgment Day (1991),False,10,7,0.5
usuario_nuevo,611,0,False,content,10,2959,Fight Club (1999),False,10,7,0.5
usuario_nuevo,611,0,False,collaborative,1,356,Forrest Gump (1994),False,10,7,0.5
usuario_nuevo,611,0,False,collaborative,2,318,"Shawshank Redemption, The (1994)",False,10,7,0.5
usuario_nuevo,611,0,False,collaborative,3,296,Pulp Fiction (1994),False,10,7,0.5
usuario_nuevo,611,0,False,collaborative,4,2571,"Matrix, The (1999)",False,10,7,0.5
usuario_nuevo,611,0,False,collaborative,5,593,"Silence of the Lambs, The (1991)",False,10,7,0.5
usuario_nuevo,611,0,False,collaborative,6,260,Star Wars: Episode IV - A New Hope (1977),False,10,7,0.5
usuario_nuevo,611,0,False,collaborative,7,110,Braveheart (1995),False,10,7,0.5
usuario_nuevo,611,0,False,collaborative,8,480,Jurassic Park (1993),False,10,7,0.5
usuario_nuevo,611,0,False,collaborative,9,589,Terminator 2: Judgment Day (1991),False,10,7,0.5
usuario_nuevo,611,0,False,collaborative,10,2959,Fight Club (1999),False,10,7,0.5
usuario_nuevo,611,0,False,hybrid,1,356,Forrest Gump (1994),False,10,7,0.5
usuario_nuevo,611,0,False,hybrid,2,318,"Shawshank Redemption, The (1994)",False,10,7,0.5
usuario_nuevo,611,0,False,hybrid,3,296,Pulp Fiction (1994),False,10,7,0.5
usuario_nuevo,611,0,False,hybrid,4,2571,"Matrix, The (1999)",False,10,7,0.5
usuario_nuevo,611,0,False,hybrid,5,593,"Silence of the Lambs, The (1991)",False,10,7,0.5
usuario_nuevo,611,0,False,hybrid,6,260,Star Wars: Episode IV - A New Hope (1977),False,10,7,0.5
usuario_nuevo,611,0,False,hybrid,7,110,Braveheart (1995),False,10,7,0.5
usuario_nuevo,611,0,False,hybrid,8,480,Jurassic Park (1993),False,10,7,0.5
usuario_nuevo,611,0,False,hybrid,9,589,Terminator 2: Judgment Day (1991),False,10,7,0.5
usuario_nuevo,611,0,False,hybrid,10,2959,Fight Club (1999),False,10,7,0.5
historial_amplio,414,2697,True,popularity,1,1258,"Shining, The (1980)",False,10,7,0.75
historial_amplio,414,2697,True,popularity,2,8368,Harry Potter and the Prisoner of Azkaban (2004),False,10,7,0.75
historial_amplio,414,2697,True,popularity,3,19,Ace Ventura: When Nature Calls (1995),False,10,7,0.75
historial_amplio,414,2697,True,popularity,4,2324,Life Is Beautiful (La Vita è bella) (1997),False,10,7,0.75
historial_amplio,414,2697,True,popularity,5,410,Addams Family Values (1993),False,10,7,0.75
historial_amplio,414,2697,True,popularity,6,1219,Psycho (1960),False,10,7,0.75
historial_amplio,414,2697,True,popularity,7,317,"Santa Clause, The (1994)",False,10,7,0.75
historial_amplio,414,2697,True,popularity,8,520,Robin Hood: Men in Tights (1993),False,10,7,0.75
historial_amplio,414,2697,True,popularity,9,74458,Shutter Island (2010),False,10,7,0.75
historial_amplio,414,2697,True,popularity,10,48385,Borat: Cultural Learnings of America for Make Benefit Glorious Nation of Kazakhstan (2006),False,10,7,0.75
historial_amplio,414,2697,True,content,1,92259,Intouchables (2011),False,10,7,0.75
historial_amplio,414,2697,True,content,2,272,"Madness of King George, The (1994)",False,10,7,0.75
historial_amplio,414,2697,True,content,3,2431,Patch Adams (1998),False,10,7,0.75
historial_amplio,414,2697,True,content,4,2352,"Big Chill, The (1983)",False,10,7,0.75
historial_amplio,414,2697,True,content,5,1958,Terms of Endearment (1983),False,10,7,0.75
historial_amplio,414,2697,True,content,6,34437,Broken Flowers (2005),False,10,7,0.75
historial_amplio,414,2697,True,content,7,1292,Being There (1979),False,10,7,0.75
historial_amplio,414,2697,True,content,8,371,"Paper, The (1994)",False,10,7,0.75
historial_amplio,414,2697,True,content,9,194,Smoke (1995),False,10,7,0.75
historial_amplio,414,2697,True,content,10,65230,Marley & Me (2008),False,10,7,0.75
historial_amplio,414,2697,True,collaborative,1,2324,Life Is Beautiful (La Vita è bella) (1997),False,10,7,0.75
historial_amplio,414,2697,True,collaborative,2,1203,12 Angry Men (1957),False,10,7,0.75
historial_amplio,414,2697,True,collaborative,3,1230,Annie Hall (1977),False,10,7,0.75
historial_amplio,414,2697,True,collaborative,4,1219,Psycho (1960),False,10,7,0.75
historial_amplio,414,2697,True,collaborative,5,1258,"Shining, The (1980)",False,10,7,0.75
historial_amplio,414,2697,True,collaborative,6,1244,Manhattan (1979),False,10,7,0.75
historial_amplio,414,2697,True,collaborative,7,3681,For a Few Dollars More (Per qualche dollaro in più) (1965),False,10,7,0.75
historial_amplio,414,2697,True,collaborative,8,92259,Intouchables (2011),False,10,7,0.75
historial_amplio,414,2697,True,collaborative,9,44555,"Lives of Others, The (Das leben der Anderen) (2006)",False,10,7,0.75
historial_amplio,414,2697,True,collaborative,10,1209,Once Upon a Time in the West (C'era una volta il West) (1968),False,10,7,0.75
historial_amplio,414,2697,True,hybrid,1,2324,Life Is Beautiful (La Vita è bella) (1997),False,10,7,0.75
historial_amplio,414,2697,True,hybrid,2,1203,12 Angry Men (1957),False,10,7,0.75
historial_amplio,414,2697,True,hybrid,3,1230,Annie Hall (1977),False,10,7,0.75
historial_amplio,414,2697,True,hybrid,4,1244,Manhattan (1979),False,10,7,0.75
historial_amplio,414,2697,True,hybrid,5,92259,Intouchables (2011),False,10,7,0.75
historial_amplio,414,2697,True,hybrid,6,44555,"Lives of Others, The (Das leben der Anderen) (2006)",False,10,7,0.75
historial_amplio,414,2697,True,hybrid,7,1219,Psycho (1960),False,10,7,0.75
historial_amplio,414,2697,True,hybrid,8,3681,For a Few Dollars More (Per qualche dollaro in più) (1965),False,10,7,0.75
historial_amplio,414,2697,True,hybrid,9,954,Mr. Smith Goes to Washington (1939),False,10,7,0.75
historial_amplio,414,2697,True,hybrid,10,3468,"Hustler, The (1961)",False,10,7,0.75
historial_pequeno,53,19,True,popularity,1,356,Forrest Gump (1994),False,10,7,0.75
historial_pequeno,53,19,True,popularity,2,318,"Shawshank Redemption, The (1994)",False,10,7,0.75
historial_pequeno,53,19,True,popularity,3,296,Pulp Fiction (1994),False,10,7,0.75
historial_pequeno,53,19,True,popularity,4,2571,"Matrix, The (1999)",False,10,7,0.75
historial_pequeno,53,19,True,popularity,5,593,"Silence of the Lambs, The (1991)",False,10,7,0.75
historial_pequeno,53,19,True,popularity,6,260,Star Wars: Episode IV - A New Hope (1977),False,10,7,0.75
historial_pequeno,53,19,True,popularity,7,110,Braveheart (1995),False,10,7,0.75
historial_pequeno,53,19,True,popularity,8,480,Jurassic Park (1993),False,10,7,0.75
historial_pequeno,53,19,True,popularity,9,589,Terminator 2: Judgment Day (1991),False,10,7,0.75
historial_pequeno,53,19,True,popularity,10,2959,Fight Club (1999),False,10,7,0.75
historial_pequeno,53,19,True,content,1,72142,Love Exposure (Ai No Mukidashi) (2008),False,10,7,0.75
historial_pequeno,53,19,True,content,2,539,Sleepless in Seattle (1993),False,10,7,0.75
historial_pequeno,53,19,True,content,3,1784,As Good as It Gets (1997),False,10,7,0.75
historial_pequeno,53,19,True,content,4,2396,Shakespeare in Love (1998),False,10,7,0.75
historial_pequeno,53,19,True,content,5,1247,"Graduate, The (1967)",False,10,7,0.75
historial_pequeno,53,19,True,content,6,3481,High Fidelity (2000),False,10,7,0.75
historial_pequeno,53,19,True,content,7,6711,Lost in Translation (2003),False,10,7,0.75
historial_pequeno,53,19,True,content,8,11,"American President, The (1995)",False,10,7,0.75
historial_pequeno,53,19,True,content,9,56367,Juno (2007),False,10,7,0.75
historial_pequeno,53,19,True,content,10,4246,Bridget Jones's Diary (2001),False,10,7,0.75
historial_pequeno,53,19,True,collaborative,1,1972,"Nightmare on Elm Street 5: The Dream Child, A (1989)",False,10,7,0.75
historial_pequeno,53,19,True,collaborative,2,318,"Shawshank Redemption, The (1994)",False,10,7,0.75
historial_pequeno,53,19,True,collaborative,3,1097,E.T. the Extra-Terrestrial (1982),False,10,7,0.75
historial_pequeno,53,19,True,collaborative,4,2953,Home Alone 2: Lost in New York (1992),False,10,7,0.75
historial_pequeno,53,19,True,collaborative,5,110,Braveheart (1995),False,10,7,0.75
historial_pequeno,53,19,True,collaborative,6,1721,Titanic (1997),False,10,7,0.75
historial_pequeno,53,19,True,collaborative,7,2471,Crocodile Dundee II (1988),False,10,7,0.75
historial_pequeno,53,19,True,collaborative,8,1499,Anaconda (1997),False,10,7,0.75
historial_pequeno,53,19,True,collaborative,9,432,City Slickers II: The Legend of Curly's Gold (1994),False,10,7,0.75
historial_pequeno,53,19,True,collaborative,10,4299,"Knight's Tale, A (2001)",False,10,7,0.75
historial_pequeno,53,19,True,hybrid,1,1972,"Nightmare on Elm Street 5: The Dream Child, A (1989)",False,10,7,0.75
historial_pequeno,53,19,True,hybrid,2,318,"Shawshank Redemption, The (1994)",False,10,7,0.75
historial_pequeno,53,19,True,hybrid,3,1721,Titanic (1997),False,10,7,0.75
historial_pequeno,53,19,True,hybrid,4,110,Braveheart (1995),False,10,7,0.75
historial_pequeno,53,19,True,hybrid,5,1097,E.T. the Extra-Terrestrial (1982),False,10,7,0.75
historial_pequeno,53,19,True,hybrid,6,2471,Crocodile Dundee II (1988),False,10,7,0.75
historial_pequeno,53,19,True,hybrid,7,4299,"Knight's Tale, A (2001)",False,10,7,0.75
historial_pequeno,53,19,True,hybrid,8,2953,Home Alone 2: Lost in New York (1992),False,10,7,0.75
historial_pequeno,53,19,True,hybrid,9,1499,Anaconda (1997),False,10,7,0.75
historial_pequeno,53,19,True,hybrid,10,356,Forrest Gump (1994),False,10,7,0.75
usuario_nuevo,611,0,False,popularity,1,356,Forrest Gump (1994),False,10,7,0.75
usuario_nuevo,611,0,False,popularity,2,318,"Shawshank Redemption, The (1994)",False,10,7,0.75
usuario_nuevo,611,0,False,popularity,3,296,Pulp Fiction (1994),False,10,7,0.75
usuario_nuevo,611,0,False,popularity,4,2571,"Matrix, The (1999)",False,10,7,0.75
usuario_nuevo,611,0,False,popularity,5,593,"Silence of the Lambs, The (1991)",False,10,7,0.75
usuario_nuevo,611,0,False,popularity,6,260,Star Wars: Episode IV - A New Hope (1977),False,10,7,0.75
usuario_nuevo,611,0,False,popularity,7,110,Braveheart (1995),False,10,7,0.75
usuario_nuevo,611,0,False,popularity,8,480,Jurassic Park (1993),False,10,7,0.75
usuario_nuevo,611,0,False,popularity,9,589,Terminator 2: Judgment Day (1991),False,10,7,0.75
usuario_nuevo,611,0,False,popularity,10,2959,Fight Club (1999),False,10,7,0.75
usuario_nuevo,611,0,False,content,1,356,Forrest Gump (1994),False,10,7,0.75
usuario_nuevo,611,0,False,content,2,318,"Shawshank Redemption, The (1994)",False,10,7,0.75
usuario_nuevo,611,0,False,content,3,296,Pulp Fiction (1994),False,10,7,0.75
usuario_nuevo,611,0,False,content,4,2571,"Matrix, The (1999)",False,10,7,0.75
usuario_nuevo,611,0,False,content,5,593,"Silence of the Lambs, The (1991)",False,10,7,0.75
usuario_nuevo,611,0,False,content,6,260,Star Wars: Episode IV - A New Hope (1977),False,10,7,0.75
usuario_nuevo,611,0,False,content,7,110,Braveheart (1995),False,10,7,0.75
usuario_nuevo,611,0,False,content,8,480,Jurassic Park (1993),False,10,7,0.75
usuario_nuevo,611,0,False,content,9,589,Terminator 2: Judgment Day (1991),False,10,7,0.75
usuario_nuevo,611,0,False,content,10,2959,Fight Club (1999),False,10,7,0.75
usuario_nuevo,611,0,False,collaborative,1,356,Forrest Gump (1994),False,10,7,0.75
usuario_nuevo,611,0,False,collaborative,2,318,"Shawshank Redemption, The (1994)",False,10,7,0.75
usuario_nuevo,611,0,False,collaborative,3,296,Pulp Fiction (1994),False,10,7,0.75
usuario_nuevo,611,0,False,collaborative,4,2571,"Matrix, The (1999)",False,10,7,0.75
usuario_nuevo,611,0,False,collaborative,5,593,"Silence of the Lambs, The (1991)",False,10,7,0.75
usuario_nuevo,611,0,False,collaborative,6,260,Star Wars: Episode IV - A New Hope (1977),False,10,7,0.75
usuario_nuevo,611,0,False,collaborative,7,110,Braveheart (1995),False,10,7,0.75
usuario_nuevo,611,0,False,collaborative,8,480,Jurassic Park (1993),False,10,7,0.75
usuario_nuevo,611,0,False,collaborative,9,589,Terminator 2: Judgment Day (1991),False,10,7,0.75
usuario_nuevo,611,0,False,collaborative,10,2959,Fight Club (1999),False,10,7,0.75
usuario_nuevo,611,0,False,hybrid,1,356,Forrest Gump (1994),False,10,7,0.75
usuario_nuevo,611,0,False,hybrid,2,318,"Shawshank Redemption, The (1994)",False,10,7,0.75
usuario_nuevo,611,0,False,hybrid,3,296,Pulp Fiction (1994),False,10,7,0.75
usuario_nuevo,611,0,False,hybrid,4,2571,"Matrix, The (1999)",False,10,7,0.75
usuario_nuevo,611,0,False,hybrid,5,593,"Silence of the Lambs, The (1991)",False,10,7,0.75
usuario_nuevo,611,0,False,hybrid,6,260,Star Wars: Episode IV - A New Hope (1977),False,10,7,0.75
usuario_nuevo,611,0,False,hybrid,7,110,Braveheart (1995),False,10,7,0.75
usuario_nuevo,611,0,False,hybrid,8,480,Jurassic Park (1993),False,10,7,0.75
usuario_nuevo,611,0,False,hybrid,9,589,Terminator 2: Judgment Day (1991),False,10,7,0.75
usuario_nuevo,611,0,False,hybrid,10,2959,Fight Club (1999),False,10,7,0.75
historial_amplio,414,2697,True,popularity,1,1258,"Shining, The (1980)",False,10,123,0.25
historial_amplio,414,2697,True,popularity,2,8368,Harry Potter and the Prisoner of Azkaban (2004),False,10,123,0.25
historial_amplio,414,2697,True,popularity,3,19,Ace Ventura: When Nature Calls (1995),False,10,123,0.25
historial_amplio,414,2697,True,popularity,4,2324,Life Is Beautiful (La Vita è bella) (1997),False,10,123,0.25
historial_amplio,414,2697,True,popularity,5,410,Addams Family Values (1993),False,10,123,0.25
historial_amplio,414,2697,True,popularity,6,1219,Psycho (1960),False,10,123,0.25
historial_amplio,414,2697,True,popularity,7,317,"Santa Clause, The (1994)",False,10,123,0.25
historial_amplio,414,2697,True,popularity,8,520,Robin Hood: Men in Tights (1993),False,10,123,0.25
historial_amplio,414,2697,True,popularity,9,74458,Shutter Island (2010),False,10,123,0.25
historial_amplio,414,2697,True,popularity,10,48385,Borat: Cultural Learnings of America for Make Benefit Glorious Nation of Kazakhstan (2006),False,10,123,0.25
historial_amplio,414,2697,True,content,1,92259,Intouchables (2011),False,10,123,0.25
historial_amplio,414,2697,True,content,2,272,"Madness of King George, The (1994)",False,10,123,0.25
historial_amplio,414,2697,True,content,3,2431,Patch Adams (1998),False,10,123,0.25
historial_amplio,414,2697,True,content,4,2352,"Big Chill, The (1983)",False,10,123,0.25
historial_amplio,414,2697,True,content,5,1958,Terms of Endearment (1983),False,10,123,0.25
historial_amplio,414,2697,True,content,6,34437,Broken Flowers (2005),False,10,123,0.25
historial_amplio,414,2697,True,content,7,1292,Being There (1979),False,10,123,0.25
historial_amplio,414,2697,True,content,8,371,"Paper, The (1994)",False,10,123,0.25
historial_amplio,414,2697,True,content,9,194,Smoke (1995),False,10,123,0.25
historial_amplio,414,2697,True,content,10,65230,Marley & Me (2008),False,10,123,0.25
historial_amplio,414,2697,True,collaborative,1,1203,12 Angry Men (1957),False,10,123,0.25
historial_amplio,414,2697,True,collaborative,2,2324,Life Is Beautiful (La Vita è bella) (1997),False,10,123,0.25
historial_amplio,414,2697,True,collaborative,3,1230,Annie Hall (1977),False,10,123,0.25
historial_amplio,414,2697,True,collaborative,4,1219,Psycho (1960),False,10,123,0.25
historial_amplio,414,2697,True,collaborative,5,74458,Shutter Island (2010),False,10,123,0.25
historial_amplio,414,2697,True,collaborative,6,1209,Once Upon a Time in the West (C'era una volta il West) (1968),False,10,123,0.25
historial_amplio,414,2697,True,collaborative,7,1258,"Shining, The (1980)",False,10,123,0.25
historial_amplio,414,2697,True,collaborative,8,92259,Intouchables (2011),False,10,123,0.25
historial_amplio,414,2697,True,collaborative,9,922,Sunset Blvd. (a.k.a. Sunset Boulevard) (1950),False,10,123,0.25
historial_amplio,414,2697,True,collaborative,10,1244,Manhattan (1979),False,10,123,0.25
historial_amplio,414,2697,True,hybrid,1,92259,Intouchables (2011),False,10,123,0.25
historial_amplio,414,2697,True,hybrid,2,1203,12 Angry Men (1957),False,10,123,0.25
historial_amplio,414,2697,True,hybrid,3,1244,Manhattan (1979),False,10,123,0.25
historial_amplio,414,2697,True,hybrid,4,898,"Philadelphia Story, The (1940)",False,10,123,0.25
historial_amplio,414,2697,True,hybrid,5,58,"Postman, The (Postino, Il) (1994)",False,10,123,0.25
historial_amplio,414,2697,True,hybrid,6,88448,Paper Birds (Pájaros de papel) (2010),False,10,123,0.25
historial_amplio,414,2697,True,hybrid,7,1279,Night on Earth (1991),False,10,123,0.25
historial_amplio,414,2697,True,hybrid,8,3462,Modern Times (1936),False,10,123,0.25
historial_amplio,414,2697,True,hybrid,9,2324,Life Is Beautiful (La Vita è bella) (1997),False,10,123,0.25
historial_amplio,414,2697,True,hybrid,10,3925,Stranger Than Paradise (1984),False,10,123,0.25
historial_pequeno,53,19,True,popularity,1,356,Forrest Gump (1994),False,10,123,0.25
historial_pequeno,53,19,True,popularity,2,318,"Shawshank Redemption, The (1994)",False,10,123,0.25
historial_pequeno,53,19,True,popularity,3,296,Pulp Fiction (1994),False,10,123,0.25
historial_pequeno,53,19,True,popularity,4,2571,"Matrix, The (1999)",False,10,123,0.25
historial_pequeno,53,19,True,popularity,5,593,"Silence of the Lambs, The (1991)",False,10,123,0.25
historial_pequeno,53,19,True,popularity,6,260,Star Wars: Episode IV - A New Hope (1977),False,10,123,0.25
historial_pequeno,53,19,True,popularity,7,110,Braveheart (1995),False,10,123,0.25
historial_pequeno,53,19,True,popularity,8,480,Jurassic Park (1993),False,10,123,0.25
historial_pequeno,53,19,True,popularity,9,589,Terminator 2: Judgment Day (1991),False,10,123,0.25
historial_pequeno,53,19,True,popularity,10,2959,Fight Club (1999),False,10,123,0.25
historial_pequeno,53,19,True,content,1,72142,Love Exposure (Ai No Mukidashi) (2008),False,10,123,0.25
historial_pequeno,53,19,True,content,2,539,Sleepless in Seattle (1993),False,10,123,0.25
historial_pequeno,53,19,True,content,3,1784,As Good as It Gets (1997),False,10,123,0.25
historial_pequeno,53,19,True,content,4,2396,Shakespeare in Love (1998),False,10,123,0.25
historial_pequeno,53,19,True,content,5,1247,"Graduate, The (1967)",False,10,123,0.25
historial_pequeno,53,19,True,content,6,3481,High Fidelity (2000),False,10,123,0.25
historial_pequeno,53,19,True,content,7,6711,Lost in Translation (2003),False,10,123,0.25
historial_pequeno,53,19,True,content,8,11,"American President, The (1995)",False,10,123,0.25
historial_pequeno,53,19,True,content,9,56367,Juno (2007),False,10,123,0.25
historial_pequeno,53,19,True,content,10,4246,Bridget Jones's Diary (2001),False,10,123,0.25
historial_pequeno,53,19,True,collaborative,1,6294,Bulletproof Monk (2003),False,10,123,0.25
historial_pequeno,53,19,True,collaborative,2,5323,Jason X (2002),False,10,123,0.25
historial_pequeno,53,19,True,collaborative,3,4247,Joe Dirt (2001),False,10,123,0.25
historial_pequeno,53,19,True,collaborative,4,5501,"Master of Disguise, The (2002)",False,10,123,0.25
historial_pequeno,53,19,True,collaborative,5,7450,Laws of Attraction (2004),False,10,123,0.25
historial_pequeno,53,19,True,collaborative,6,2798,Problem Child (1990),False,10,123,0.25
historial_pequeno,53,19,True,collaborative,7,36401,"Brothers Grimm, The (2005)",False,10,123,0.25
historial_pequeno,53,19,True,collaborative,8,1882,Godzilla (1998),False,10,123,0.25
historial_pequeno,53,19,True,collaborative,9,4104,Ernest Goes to Camp (1987),False,10,123,0.25
historial_pequeno,53,19,True,collaborative,10,1556,Speed 2: Cruise Control (1997),False,10,123,0.25
historial_pequeno,53,19,True,hybrid,1,359,I Like It Like That (1994),False,10,123,0.25
historial_pequeno,53,19,True,hybrid,2,100226,Why Stop Now (2012),False,10,123,0.25
historial_pequeno,53,19,True,hybrid,3,5503,"Last Kiss, The (Ultimo bacio, L') (2001)",False,10,123,0.25
historial_pequeno,53,19,True,hybrid,4,130452,While We're Young (2014),False,10,123,0.25
historial_pequeno,53,19,True,hybrid,5,7450,Laws of Attraction (2004),False,10,123,0.25
historial_pequeno,53,19,True,hybrid,6,74916,Greenberg (2010),False,10,123,0.25
historial_pequeno,53,19,True,hybrid,7,4247,Joe Dirt (2001),False,10,123,0.25
historial_pequeno,53,19,True,hybrid,8,3183,"Third Miracle, The (1999)",False,10,123,0.25
historial_pequeno,53,19,True,hybrid,9,7701,Look Who's Talking Too (1990),False,10,123,0.25
historial_pequeno,53,19,True,hybrid,10,97024,Rust and Bone (De rouille et d'os) (2012),False,10,123,0.25
usuario_nuevo,611,0,False,popularity,1,356,Forrest Gump (1994),False,10,123,0.25
usuario_nuevo,611,0,False,popularity,2,318,"Shawshank Redemption, The (1994)",False,10,123,0.25
usuario_nuevo,611,0,False,popularity,3,296,Pulp Fiction (1994),False,10,123,0.25
usuario_nuevo,611,0,False,popularity,4,2571,"Matrix, The (1999)",False,10,123,0.25
usuario_nuevo,611,0,False,popularity,5,593,"Silence of the Lambs, The (1991)",False,10,123,0.25
usuario_nuevo,611,0,False,popularity,6,260,Star Wars: Episode IV - A New Hope (1977),False,10,123,0.25
usuario_nuevo,611,0,False,popularity,7,110,Braveheart (1995),False,10,123,0.25
usuario_nuevo,611,0,False,popularity,8,480,Jurassic Park (1993),False,10,123,0.25
usuario_nuevo,611,0,False,popularity,9,589,Terminator 2: Judgment Day (1991),False,10,123,0.25
usuario_nuevo,611,0,False,popularity,10,2959,Fight Club (1999),False,10,123,0.25
usuario_nuevo,611,0,False,content,1,356,Forrest Gump (1994),False,10,123,0.25
usuario_nuevo,611,0,False,content,2,318,"Shawshank Redemption, The (1994)",False,10,123,0.25
usuario_nuevo,611,0,False,content,3,296,Pulp Fiction (1994),False,10,123,0.25
usuario_nuevo,611,0,False,content,4,2571,"Matrix, The (1999)",False,10,123,0.25
usuario_nuevo,611,0,False,content,5,593,"Silence of the Lambs, The (1991)",False,10,123,0.25
usuario_nuevo,611,0,False,content,6,260,Star Wars: Episode IV - A New Hope (1977),False,10,123,0.25
usuario_nuevo,611,0,False,content,7,110,Braveheart (1995),False,10,123,0.25
usuario_nuevo,611,0,False,content,8,480,Jurassic Park (1993),False,10,123,0.25
usuario_nuevo,611,0,False,content,9,589,Terminator 2: Judgment Day (1991),False,10,123,0.25
usuario_nuevo,611,0,False,content,10,2959,Fight Club (1999),False,10,123,0.25
usuario_nuevo,611,0,False,collaborative,1,356,Forrest Gump (1994),False,10,123,0.25
usuario_nuevo,611,0,False,collaborative,2,318,"Shawshank Redemption, The (1994)",False,10,123,0.25
usuario_nuevo,611,0,False,collaborative,3,296,Pulp Fiction (1994),False,10,123,0.25
usuario_nuevo,611,0,False,collaborative,4,2571,"Matrix, The (1999)",False,10,123,0.25
usuario_nuevo,611,0,False,collaborative,5,593,"Silence of the Lambs, The (1991)",False,10,123,0.25
usuario_nuevo,611,0,False,collaborative,6,260,Star Wars: Episode IV - A New Hope (1977),False,10,123,0.25
usuario_nuevo,611,0,False,collaborative,7,110,Braveheart (1995),False,10,123,0.25
usuario_nuevo,611,0,False,collaborative,8,480,Jurassic Park (1993),False,10,123,0.25
usuario_nuevo,611,0,False,collaborative,9,589,Terminator 2: Judgment Day (1991),False,10,123,0.25
usuario_nuevo,611,0,False,collaborative,10,2959,Fight Club (1999),False,10,123,0.25
usuario_nuevo,611,0,False,hybrid,1,356,Forrest Gump (1994),False,10,123,0.25
usuario_nuevo,611,0,False,hybrid,2,318,"Shawshank Redemption, The (1994)",False,10,123,0.25
usuario_nuevo,611,0,False,hybrid,3,296,Pulp Fiction (1994),False,10,123,0.25
usuario_nuevo,611,0,False,hybrid,4,2571,"Matrix, The (1999)",False,10,123,0.25
usuario_nuevo,611,0,False,hybrid,5,593,"Silence of the Lambs, The (1991)",False,10,123,0.25
usuario_nuevo,611,0,False,hybrid,6,260,Star Wars: Episode IV - A New Hope (1977),False,10,123,0.25
usuario_nuevo,611,0,False,hybrid,7,110,Braveheart (1995),False,10,123,0.25
usuario_nuevo,611,0,False,hybrid,8,480,Jurassic Park (1993),False,10,123,0.25
usuario_nuevo,611,0,False,hybrid,9,589,Terminator 2: Judgment Day (1991),False,10,123,0.25
usuario_nuevo,611,0,False,hybrid,10,2959,Fight Club (1999),False,10,123,0.25
historial_amplio,414,2697,True,popularity,1,1258,"Shining, The (1980)",False,10,123,0.5
historial_amplio,414,2697,True,popularity,2,8368,Harry Potter and the Prisoner of Azkaban (2004),False,10,123,0.5
historial_amplio,414,2697,True,popularity,3,19,Ace Ventura: When Nature Calls (1995),False,10,123,0.5
historial_amplio,414,2697,True,popularity,4,2324,Life Is Beautiful (La Vita è bella) (1997),False,10,123,0.5
historial_amplio,414,2697,True,popularity,5,410,Addams Family Values (1993),False,10,123,0.5
historial_amplio,414,2697,True,popularity,6,1219,Psycho (1960),False,10,123,0.5
historial_amplio,414,2697,True,popularity,7,317,"Santa Clause, The (1994)",False,10,123,0.5
historial_amplio,414,2697,True,popularity,8,520,Robin Hood: Men in Tights (1993),False,10,123,0.5
historial_amplio,414,2697,True,popularity,9,74458,Shutter Island (2010),False,10,123,0.5
historial_amplio,414,2697,True,popularity,10,48385,Borat: Cultural Learnings of America for Make Benefit Glorious Nation of Kazakhstan (2006),False,10,123,0.5
historial_amplio,414,2697,True,content,1,92259,Intouchables (2011),False,10,123,0.5
historial_amplio,414,2697,True,content,2,272,"Madness of King George, The (1994)",False,10,123,0.5
historial_amplio,414,2697,True,content,3,2431,Patch Adams (1998),False,10,123,0.5
historial_amplio,414,2697,True,content,4,2352,"Big Chill, The (1983)",False,10,123,0.5
historial_amplio,414,2697,True,content,5,1958,Terms of Endearment (1983),False,10,123,0.5
historial_amplio,414,2697,True,content,6,34437,Broken Flowers (2005),False,10,123,0.5
historial_amplio,414,2697,True,content,7,1292,Being There (1979),False,10,123,0.5
historial_amplio,414,2697,True,content,8,371,"Paper, The (1994)",False,10,123,0.5
historial_amplio,414,2697,True,content,9,194,Smoke (1995),False,10,123,0.5
historial_amplio,414,2697,True,content,10,65230,Marley & Me (2008),False,10,123,0.5
historial_amplio,414,2697,True,collaborative,1,1203,12 Angry Men (1957),False,10,123,0.5
historial_amplio,414,2697,True,collaborative,2,2324,Life Is Beautiful (La Vita è bella) (1997),False,10,123,0.5
historial_amplio,414,2697,True,collaborative,3,1230,Annie Hall (1977),False,10,123,0.5
historial_amplio,414,2697,True,collaborative,4,1219,Psycho (1960),False,10,123,0.5
historial_amplio,414,2697,True,collaborative,5,74458,Shutter Island (2010),False,10,123,0.5
historial_amplio,414,2697,True,collaborative,6,1209,Once Upon a Time in the West (C'era una volta il West) (1968),False,10,123,0.5
historial_amplio,414,2697,True,collaborative,7,1258,"Shining, The (1980)",False,10,123,0.5
historial_amplio,414,2697,True,collaborative,8,92259,Intouchables (2011),False,10,123,0.5
historial_amplio,414,2697,True,collaborative,9,922,Sunset Blvd. (a.k.a. Sunset Boulevard) (1950),False,10,123,0.5
historial_amplio,414,2697,True,collaborative,10,1244,Manhattan (1979),False,10,123,0.5
historial_amplio,414,2697,True,hybrid,1,1203,12 Angry Men (1957),False,10,123,0.5
historial_amplio,414,2697,True,hybrid,2,2324,Life Is Beautiful (La Vita è bella) (1997),False,10,123,0.5
historial_amplio,414,2697,True,hybrid,3,92259,Intouchables (2011),False,10,123,0.5
historial_amplio,414,2697,True,hybrid,4,1244,Manhattan (1979),False,10,123,0.5
historial_amplio,414,2697,True,hybrid,5,898,"Philadelphia Story, The (1940)",False,10,123,0.5
historial_amplio,414,2697,True,hybrid,6,58,"Postman, The (Postino, Il) (1994)",False,10,123,0.5
historial_amplio,414,2697,True,hybrid,7,1230,Annie Hall (1977),False,10,123,0.5
historial_amplio,414,2697,True,hybrid,8,954,Mr. Smith Goes to Washington (1939),False,10,123,0.5
historial_amplio,414,2697,True,hybrid,9,3462,Modern Times (1936),False,10,123,0.5
historial_amplio,414,2697,True,hybrid,10,44555,"Lives of Others, The (Das leben der Anderen) (2006)",False,10,123,0.5
historial_pequeno,53,19,True,popularity,1,356,Forrest Gump (1994),False,10,123,0.5
historial_pequeno,53,19,True,popularity,2,318,"Shawshank Redemption, The (1994)",False,10,123,0.5
historial_pequeno,53,19,True,popularity,3,296,Pulp Fiction (1994),False,10,123,0.5
historial_pequeno,53,19,True,popularity,4,2571,"Matrix, The (1999)",False,10,123,0.5
historial_pequeno,53,19,True,popularity,5,593,"Silence of the Lambs, The (1991)",False,10,123,0.5
historial_pequeno,53,19,True,popularity,6,260,Star Wars: Episode IV - A New Hope (1977),False,10,123,0.5
historial_pequeno,53,19,True,popularity,7,110,Braveheart (1995),False,10,123,0.5
historial_pequeno,53,19,True,popularity,8,480,Jurassic Park (1993),False,10,123,0.5
historial_pequeno,53,19,True,popularity,9,589,Terminator 2: Judgment Day (1991),False,10,123,0.5
historial_pequeno,53,19,True,popularity,10,2959,Fight Club (1999),False,10,123,0.5
historial_pequeno,53,19,True,content,1,72142,Love Exposure (Ai No Mukidashi) (2008),False,10,123,0.5
historial_pequeno,53,19,True,content,2,539,Sleepless in Seattle (1993),False,10,123,0.5
historial_pequeno,53,19,True,content,3,1784,As Good as It Gets (1997),False,10,123,0.5
historial_pequeno,53,19,True,content,4,2396,Shakespeare in Love (1998),False,10,123,0.5
historial_pequeno,53,19,True,content,5,1247,"Graduate, The (1967)",False,10,123,0.5
historial_pequeno,53,19,True,content,6,3481,High Fidelity (2000),False,10,123,0.5
historial_pequeno,53,19,True,content,7,6711,Lost in Translation (2003),False,10,123,0.5
historial_pequeno,53,19,True,content,8,11,"American President, The (1995)",False,10,123,0.5
historial_pequeno,53,19,True,content,9,56367,Juno (2007),False,10,123,0.5
historial_pequeno,53,19,True,content,10,4246,Bridget Jones's Diary (2001),False,10,123,0.5
historial_pequeno,53,19,True,collaborative,1,6294,Bulletproof Monk (2003),False,10,123,0.5
historial_pequeno,53,19,True,collaborative,2,5323,Jason X (2002),False,10,123,0.5
historial_pequeno,53,19,True,collaborative,3,4247,Joe Dirt (2001),False,10,123,0.5
historial_pequeno,53,19,True,collaborative,4,5501,"Master of Disguise, The (2002)",False,10,123,0.5
historial_pequeno,53,19,True,collaborative,5,7450,Laws of Attraction (2004),False,10,123,0.5
historial_pequeno,53,19,True,collaborative,6,2798,Problem Child (1990),False,10,123,0.5
historial_pequeno,53,19,True,collaborative,7,36401,"Brothers Grimm, The (2005)",False,10,123,0.5
historial_pequeno,53,19,True,collaborative,8,1882,Godzilla (1998),False,10,123,0.5
historial_pequeno,53,19,True,collaborative,9,4104,Ernest Goes to Camp (1987),False,10,123,0.5
historial_pequeno,53,19,True,collaborative,10,1556,Speed 2: Cruise Control (1997),False,10,123,0.5
historial_pequeno,53,19,True,hybrid,1,4247,Joe Dirt (2001),False,10,123,0.5
historial_pequeno,53,19,True,hybrid,2,6294,Bulletproof Monk (2003),False,10,123,0.5
historial_pequeno,53,19,True,hybrid,3,7450,Laws of Attraction (2004),False,10,123,0.5
historial_pequeno,53,19,True,hybrid,4,5323,Jason X (2002),False,10,123,0.5
historial_pequeno,53,19,True,hybrid,5,359,I Like It Like That (1994),False,10,123,0.5
historial_pequeno,53,19,True,hybrid,6,100226,Why Stop Now (2012),False,10,123,0.5
historial_pequeno,53,19,True,hybrid,7,1556,Speed 2: Cruise Control (1997),False,10,123,0.5
historial_pequeno,53,19,True,hybrid,8,4104,Ernest Goes to Camp (1987),False,10,123,0.5
historial_pequeno,53,19,True,hybrid,9,130452,While We're Young (2014),False,10,123,0.5
historial_pequeno,53,19,True,hybrid,10,3183,"Third Miracle, The (1999)",False,10,123,0.5
usuario_nuevo,611,0,False,popularity,1,356,Forrest Gump (1994),False,10,123,0.5
usuario_nuevo,611,0,False,popularity,2,318,"Shawshank Redemption, The (1994)",False,10,123,0.5
usuario_nuevo,611,0,False,popularity,3,296,Pulp Fiction (1994),False,10,123,0.5
usuario_nuevo,611,0,False,popularity,4,2571,"Matrix, The (1999)",False,10,123,0.5
usuario_nuevo,611,0,False,popularity,5,593,"Silence of the Lambs, The (1991)",False,10,123,0.5
usuario_nuevo,611,0,False,popularity,6,260,Star Wars: Episode IV - A New Hope (1977),False,10,123,0.5
usuario_nuevo,611,0,False,popularity,7,110,Braveheart (1995),False,10,123,0.5
usuario_nuevo,611,0,False,popularity,8,480,Jurassic Park (1993),False,10,123,0.5
usuario_nuevo,611,0,False,popularity,9,589,Terminator 2: Judgment Day (1991),False,10,123,0.5
usuario_nuevo,611,0,False,popularity,10,2959,Fight Club (1999),False,10,123,0.5
usuario_nuevo,611,0,False,content,1,356,Forrest Gump (1994),False,10,123,0.5
usuario_nuevo,611,0,False,content,2,318,"Shawshank Redemption, The (1994)",False,10,123,0.5
usuario_nuevo,611,0,False,content,3,296,Pulp Fiction (1994),False,10,123,0.5
usuario_nuevo,611,0,False,content,4,2571,"Matrix, The (1999)",False,10,123,0.5
usuario_nuevo,611,0,False,content,5,593,"Silence of the Lambs, The (1991)",False,10,123,0.5
usuario_nuevo,611,0,False,content,6,260,Star Wars: Episode IV - A New Hope (1977),False,10,123,0.5
usuario_nuevo,611,0,False,content,7,110,Braveheart (1995),False,10,123,0.5
usuario_nuevo,611,0,False,content,8,480,Jurassic Park (1993),False,10,123,0.5
usuario_nuevo,611,0,False,content,9,589,Terminator 2: Judgment Day (1991),False,10,123,0.5
usuario_nuevo,611,0,False,content,10,2959,Fight Club (1999),False,10,123,0.5
usuario_nuevo,611,0,False,collaborative,1,356,Forrest Gump (1994),False,10,123,0.5
usuario_nuevo,611,0,False,collaborative,2,318,"Shawshank Redemption, The (1994)",False,10,123,0.5
usuario_nuevo,611,0,False,collaborative,3,296,Pulp Fiction (1994),False,10,123,0.5
usuario_nuevo,611,0,False,collaborative,4,2571,"Matrix, The (1999)",False,10,123,0.5
usuario_nuevo,611,0,False,collaborative,5,593,"Silence of the Lambs, The (1991)",False,10,123,0.5
usuario_nuevo,611,0,False,collaborative,6,260,Star Wars: Episode IV - A New Hope (1977),False,10,123,0.5
usuario_nuevo,611,0,False,collaborative,7,110,Braveheart (1995),False,10,123,0.5
usuario_nuevo,611,0,False,collaborative,8,480,Jurassic Park (1993),False,10,123,0.5
usuario_nuevo,611,0,False,collaborative,9,589,Terminator 2: Judgment Day (1991),False,10,123,0.5
usuario_nuevo,611,0,False,collaborative,10,2959,Fight Club (1999),False,10,123,0.5
usuario_nuevo,611,0,False,hybrid,1,356,Forrest Gump (1994),False,10,123,0.5
usuario_nuevo,611,0,False,hybrid,2,318,"Shawshank Redemption, The (1994)",False,10,123,0.5
usuario_nuevo,611,0,False,hybrid,3,296,Pulp Fiction (1994),False,10,123,0.5
usuario_nuevo,611,0,False,hybrid,4,2571,"Matrix, The (1999)",False,10,123,0.5
usuario_nuevo,611,0,False,hybrid,5,593,"Silence of the Lambs, The (1991)",False,10,123,0.5
usuario_nuevo,611,0,False,hybrid,6,260,Star Wars: Episode IV - A New Hope (1977),False,10,123,0.5
usuario_nuevo,611,0,False,hybrid,7,110,Braveheart (1995),False,10,123,0.5
usuario_nuevo,611,0,False,hybrid,8,480,Jurassic Park (1993),False,10,123,0.5
usuario_nuevo,611,0,False,hybrid,9,589,Terminator 2: Judgment Day (1991),False,10,123,0.5
usuario_nuevo,611,0,False,hybrid,10,2959,Fight Club (1999),False,10,123,0.5
historial_amplio,414,2697,True,popularity,1,1258,"Shining, The (1980)",False,10,123,0.75
historial_amplio,414,2697,True,popularity,2,8368,Harry Potter and the Prisoner of Azkaban (2004),False,10,123,0.75
historial_amplio,414,2697,True,popularity,3,19,Ace Ventura: When Nature Calls (1995),False,10,123,0.75
historial_amplio,414,2697,True,popularity,4,2324,Life Is Beautiful (La Vita è bella) (1997),False,10,123,0.75
historial_amplio,414,2697,True,popularity,5,410,Addams Family Values (1993),False,10,123,0.75
historial_amplio,414,2697,True,popularity,6,1219,Psycho (1960),False,10,123,0.75
historial_amplio,414,2697,True,popularity,7,317,"Santa Clause, The (1994)",False,10,123,0.75
historial_amplio,414,2697,True,popularity,8,520,Robin Hood: Men in Tights (1993),False,10,123,0.75
historial_amplio,414,2697,True,popularity,9,74458,Shutter Island (2010),False,10,123,0.75
historial_amplio,414,2697,True,popularity,10,48385,Borat: Cultural Learnings of America for Make Benefit Glorious Nation of Kazakhstan (2006),False,10,123,0.75
historial_amplio,414,2697,True,content,1,92259,Intouchables (2011),False,10,123,0.75
historial_amplio,414,2697,True,content,2,272,"Madness of King George, The (1994)",False,10,123,0.75
historial_amplio,414,2697,True,content,3,2431,Patch Adams (1998),False,10,123,0.75
historial_amplio,414,2697,True,content,4,2352,"Big Chill, The (1983)",False,10,123,0.75
historial_amplio,414,2697,True,content,5,1958,Terms of Endearment (1983),False,10,123,0.75
historial_amplio,414,2697,True,content,6,34437,Broken Flowers (2005),False,10,123,0.75
historial_amplio,414,2697,True,content,7,1292,Being There (1979),False,10,123,0.75
historial_amplio,414,2697,True,content,8,371,"Paper, The (1994)",False,10,123,0.75
historial_amplio,414,2697,True,content,9,194,Smoke (1995),False,10,123,0.75
historial_amplio,414,2697,True,content,10,65230,Marley & Me (2008),False,10,123,0.75
historial_amplio,414,2697,True,collaborative,1,1203,12 Angry Men (1957),False,10,123,0.75
historial_amplio,414,2697,True,collaborative,2,2324,Life Is Beautiful (La Vita è bella) (1997),False,10,123,0.75
historial_amplio,414,2697,True,collaborative,3,1230,Annie Hall (1977),False,10,123,0.75
historial_amplio,414,2697,True,collaborative,4,1219,Psycho (1960),False,10,123,0.75
historial_amplio,414,2697,True,collaborative,5,74458,Shutter Island (2010),False,10,123,0.75
historial_amplio,414,2697,True,collaborative,6,1209,Once Upon a Time in the West (C'era una volta il West) (1968),False,10,123,0.75
historial_amplio,414,2697,True,collaborative,7,1258,"Shining, The (1980)",False,10,123,0.75
historial_amplio,414,2697,True,collaborative,8,92259,Intouchables (2011),False,10,123,0.75
historial_amplio,414,2697,True,collaborative,9,922,Sunset Blvd. (a.k.a. Sunset Boulevard) (1950),False,10,123,0.75
historial_amplio,414,2697,True,collaborative,10,1244,Manhattan (1979),False,10,123,0.75
historial_amplio,414,2697,True,hybrid,1,1203,12 Angry Men (1957),False,10,123,0.75
historial_amplio,414,2697,True,hybrid,2,2324,Life Is Beautiful (La Vita è bella) (1997),False,10,123,0.75
historial_amplio,414,2697,True,hybrid,3,92259,Intouchables (2011),False,10,123,0.75
historial_amplio,414,2697,True,hybrid,4,1230,Annie Hall (1977),False,10,123,0.75
historial_amplio,414,2697,True,hybrid,5,1244,Manhattan (1979),False,10,123,0.75
historial_amplio,414,2697,True,hybrid,6,898,"Philadelphia Story, The (1940)",False,10,123,0.75
historial_amplio,414,2697,True,hybrid,7,74458,Shutter Island (2010),False,10,123,0.75
historial_amplio,414,2697,True,hybrid,8,954,Mr. Smith Goes to Washington (1939),False,10,123,0.75
historial_amplio,414,2697,True,hybrid,9,58,"Postman, The (Postino, Il) (1994)",False,10,123,0.75
historial_amplio,414,2697,True,hybrid,10,1219,Psycho (1960),False,10,123,0.75
historial_pequeno,53,19,True,popularity,1,356,Forrest Gump (1994),False,10,123,0.75
historial_pequeno,53,19,True,popularity,2,318,"Shawshank Redemption, The (1994)",False,10,123,0.75
historial_pequeno,53,19,True,popularity,3,296,Pulp Fiction (1994),False,10,123,0.75
historial_pequeno,53,19,True,popularity,4,2571,"Matrix, The (1999)",False,10,123,0.75
historial_pequeno,53,19,True,popularity,5,593,"Silence of the Lambs, The (1991)",False,10,123,0.75
historial_pequeno,53,19,True,popularity,6,260,Star Wars: Episode IV - A New Hope (1977),False,10,123,0.75
historial_pequeno,53,19,True,popularity,7,110,Braveheart (1995),False,10,123,0.75
historial_pequeno,53,19,True,popularity,8,480,Jurassic Park (1993),False,10,123,0.75
historial_pequeno,53,19,True,popularity,9,589,Terminator 2: Judgment Day (1991),False,10,123,0.75
historial_pequeno,53,19,True,popularity,10,2959,Fight Club (1999),False,10,123,0.75
historial_pequeno,53,19,True,content,1,72142,Love Exposure (Ai No Mukidashi) (2008),False,10,123,0.75
historial_pequeno,53,19,True,content,2,539,Sleepless in Seattle (1993),False,10,123,0.75
historial_pequeno,53,19,True,content,3,1784,As Good as It Gets (1997),False,10,123,0.75
historial_pequeno,53,19,True,content,4,2396,Shakespeare in Love (1998),False,10,123,0.75
historial_pequeno,53,19,True,content,5,1247,"Graduate, The (1967)",False,10,123,0.75
historial_pequeno,53,19,True,content,6,3481,High Fidelity (2000),False,10,123,0.75
historial_pequeno,53,19,True,content,7,6711,Lost in Translation (2003),False,10,123,0.75
historial_pequeno,53,19,True,content,8,11,"American President, The (1995)",False,10,123,0.75
historial_pequeno,53,19,True,content,9,56367,Juno (2007),False,10,123,0.75
historial_pequeno,53,19,True,content,10,4246,Bridget Jones's Diary (2001),False,10,123,0.75
historial_pequeno,53,19,True,collaborative,1,6294,Bulletproof Monk (2003),False,10,123,0.75
historial_pequeno,53,19,True,collaborative,2,5323,Jason X (2002),False,10,123,0.75
historial_pequeno,53,19,True,collaborative,3,4247,Joe Dirt (2001),False,10,123,0.75
historial_pequeno,53,19,True,collaborative,4,5501,"Master of Disguise, The (2002)",False,10,123,0.75
historial_pequeno,53,19,True,collaborative,5,7450,Laws of Attraction (2004),False,10,123,0.75
historial_pequeno,53,19,True,collaborative,6,2798,Problem Child (1990),False,10,123,0.75
historial_pequeno,53,19,True,collaborative,7,36401,"Brothers Grimm, The (2005)",False,10,123,0.75
historial_pequeno,53,19,True,collaborative,8,1882,Godzilla (1998),False,10,123,0.75
historial_pequeno,53,19,True,collaborative,9,4104,Ernest Goes to Camp (1987),False,10,123,0.75
historial_pequeno,53,19,True,collaborative,10,1556,Speed 2: Cruise Control (1997),False,10,123,0.75
historial_pequeno,53,19,True,hybrid,1,6294,Bulletproof Monk (2003),False,10,123,0.75
historial_pequeno,53,19,True,hybrid,2,5323,Jason X (2002),False,10,123,0.75
historial_pequeno,53,19,True,hybrid,3,4247,Joe Dirt (2001),False,10,123,0.75
historial_pequeno,53,19,True,hybrid,4,7450,Laws of Attraction (2004),False,10,123,0.75
historial_pequeno,53,19,True,hybrid,5,5501,"Master of Disguise, The (2002)",False,10,123,0.75
historial_pequeno,53,19,True,hybrid,6,4104,Ernest Goes to Camp (1987),False,10,123,0.75
historial_pequeno,53,19,True,hybrid,7,1556,Speed 2: Cruise Control (1997),False,10,123,0.75
historial_pequeno,53,19,True,hybrid,8,36401,"Brothers Grimm, The (2005)",False,10,123,0.75
historial_pequeno,53,19,True,hybrid,9,1882,Godzilla (1998),False,10,123,0.75
historial_pequeno,53,19,True,hybrid,10,2798,Problem Child (1990),False,10,123,0.75
usuario_nuevo,611,0,False,popularity,1,356,Forrest Gump (1994),False,10,123,0.75
usuario_nuevo,611,0,False,popularity,2,318,"Shawshank Redemption, The (1994)",False,10,123,0.75
usuario_nuevo,611,0,False,popularity,3,296,Pulp Fiction (1994),False,10,123,0.75
usuario_nuevo,611,0,False,popularity,4,2571,"Matrix, The (1999)",False,10,123,0.75
usuario_nuevo,611,0,False,popularity,5,593,"Silence of the Lambs, The (1991)",False,10,123,0.75
usuario_nuevo,611,0,False,popularity,6,260,Star Wars: Episode IV - A New Hope (1977),False,10,123,0.75
usuario_nuevo,611,0,False,popularity,7,110,Braveheart (1995),False,10,123,0.75
usuario_nuevo,611,0,False,popularity,8,480,Jurassic Park (1993),False,10,123,0.75
usuario_nuevo,611,0,False,popularity,9,589,Terminator 2: Judgment Day (1991),False,10,123,0.75
usuario_nuevo,611,0,False,popularity,10,2959,Fight Club (1999),False,10,123,0.75
usuario_nuevo,611,0,False,content,1,356,Forrest Gump (1994),False,10,123,0.75
usuario_nuevo,611,0,False,content,2,318,"Shawshank Redemption, The (1994)",False,10,123,0.75
usuario_nuevo,611,0,False,content,3,296,Pulp Fiction (1994),False,10,123,0.75
usuario_nuevo,611,0,False,content,4,2571,"Matrix, The (1999)",False,10,123,0.75
usuario_nuevo,611,0,False,content,5,593,"Silence of the Lambs, The (1991)",False,10,123,0.75
usuario_nuevo,611,0,False,content,6,260,Star Wars: Episode IV - A New Hope (1977),False,10,123,0.75
usuario_nuevo,611,0,False,content,7,110,Braveheart (1995),False,10,123,0.75
usuario_nuevo,611,0,False,content,8,480,Jurassic Park (1993),False,10,123,0.75
usuario_nuevo,611,0,False,content,9,589,Terminator 2: Judgment Day (1991),False,10,123,0.75
usuario_nuevo,611,0,False,content,10,2959,Fight Club (1999),False,10,123,0.75
usuario_nuevo,611,0,False,collaborative,1,356,Forrest Gump (1994),False,10,123,0.75
usuario_nuevo,611,0,False,collaborative,2,318,"Shawshank Redemption, The (1994)",False,10,123,0.75
usuario_nuevo,611,0,False,collaborative,3,296,Pulp Fiction (1994),False,10,123,0.75
usuario_nuevo,611,0,False,collaborative,4,2571,"Matrix, The (1999)",False,10,123,0.75
usuario_nuevo,611,0,False,collaborative,5,593,"Silence of the Lambs, The (1991)",False,10,123,0.75
usuario_nuevo,611,0,False,collaborative,6,260,Star Wars: Episode IV - A New Hope (1977),False,10,123,0.75
usuario_nuevo,611,0,False,collaborative,7,110,Braveheart (1995),False,10,123,0.75
usuario_nuevo,611,0,False,collaborative,8,480,Jurassic Park (1993),False,10,123,0.75
usuario_nuevo,611,0,False,collaborative,9,589,Terminator 2: Judgment Day (1991),False,10,123,0.75
usuario_nuevo,611,0,False,collaborative,10,2959,Fight Club (1999),False,10,123,0.75
usuario_nuevo,611,0,False,hybrid,1,356,Forrest Gump (1994),False,10,123,0.75
usuario_nuevo,611,0,False,hybrid,2,318,"Shawshank Redemption, The (1994)",False,10,123,0.75
usuario_nuevo,611,0,False,hybrid,3,296,Pulp Fiction (1994),False,10,123,0.75
usuario_nuevo,611,0,False,hybrid,4,2571,"Matrix, The (1999)",False,10,123,0.75
usuario_nuevo,611,0,False,hybrid,5,593,"Silence of the Lambs, The (1991)",False,10,123,0.75
usuario_nuevo,611,0,False,hybrid,6,260,Star Wars: Episode IV - A New Hope (1977),False,10,123,0.75
usuario_nuevo,611,0,False,hybrid,7,110,Braveheart (1995),False,10,123,0.75
usuario_nuevo,611,0,False,hybrid,8,480,Jurassic Park (1993),False,10,123,0.75
usuario_nuevo,611,0,False,hybrid,9,589,Terminator 2: Judgment Day (1991),False,10,123,0.75
usuario_nuevo,611,0,False,hybrid,10,2959,Fight Club (1999),False,10,123,0.75
historial_amplio,414,2697,True,popularity,1,1258,"Shining, The (1980)",False,20,42,0.25
historial_amplio,414,2697,True,popularity,2,8368,Harry Potter and the Prisoner of Azkaban (2004),False,20,42,0.25
historial_amplio,414,2697,True,popularity,3,19,Ace Ventura: When Nature Calls (1995),False,20,42,0.25
historial_amplio,414,2697,True,popularity,4,2324,Life Is Beautiful (La Vita è bella) (1997),False,20,42,0.25
historial_amplio,414,2697,True,popularity,5,410,Addams Family Values (1993),False,20,42,0.25
historial_amplio,414,2697,True,popularity,6,1219,Psycho (1960),False,20,42,0.25
historial_amplio,414,2697,True,popularity,7,317,"Santa Clause, The (1994)",False,20,42,0.25
historial_amplio,414,2697,True,popularity,8,520,Robin Hood: Men in Tights (1993),False,20,42,0.25
historial_amplio,414,2697,True,popularity,9,74458,Shutter Island (2010),False,20,42,0.25
historial_amplio,414,2697,True,popularity,10,48385,Borat: Cultural Learnings of America for Make Benefit Glorious Nation of Kazakhstan (2006),False,20,42,0.25
historial_amplio,414,2697,True,content,1,92259,Intouchables (2011),False,20,42,0.25
historial_amplio,414,2697,True,content,2,272,"Madness of King George, The (1994)",False,20,42,0.25
historial_amplio,414,2697,True,content,3,2431,Patch Adams (1998),False,20,42,0.25
historial_amplio,414,2697,True,content,4,2352,"Big Chill, The (1983)",False,20,42,0.25
historial_amplio,414,2697,True,content,5,1958,Terms of Endearment (1983),False,20,42,0.25
historial_amplio,414,2697,True,content,6,34437,Broken Flowers (2005),False,20,42,0.25
historial_amplio,414,2697,True,content,7,1292,Being There (1979),False,20,42,0.25
historial_amplio,414,2697,True,content,8,371,"Paper, The (1994)",False,20,42,0.25
historial_amplio,414,2697,True,content,9,194,Smoke (1995),False,20,42,0.25
historial_amplio,414,2697,True,content,10,65230,Marley & Me (2008),False,20,42,0.25
historial_amplio,414,2697,True,collaborative,1,2324,Life Is Beautiful (La Vita è bella) (1997),False,20,42,0.25
historial_amplio,414,2697,True,collaborative,2,1203,12 Angry Men (1957),False,20,42,0.25
historial_amplio,414,2697,True,collaborative,3,1219,Psycho (1960),False,20,42,0.25
historial_amplio,414,2697,True,collaborative,4,914,My Fair Lady (1964),False,20,42,0.25
historial_amplio,414,2697,True,collaborative,5,1230,Annie Hall (1977),False,20,42,0.25
historial_amplio,414,2697,True,collaborative,6,246,Hoop Dreams (1994),False,20,42,0.25
historial_amplio,414,2697,True,collaborative,7,1258,"Shining, The (1980)",False,20,42,0.25
historial_amplio,414,2697,True,collaborative,8,922,Sunset Blvd. (a.k.a. Sunset Boulevard) (1950),False,20,42,0.25
historial_amplio,414,2697,True,collaborative,9,31658,Howl's Moving Castle (Hauru no ugoku shiro) (2004),False,20,42,0.25
historial_amplio,414,2697,True,collaborative,10,92259,Intouchables (2011),False,20,42,0.25
historial_amplio,414,2697,True,hybrid,1,92259,Intouchables (2011),False,20,42,0.25
historial_amplio,414,2697,True,hybrid,2,1203,12 Angry Men (1957),False,20,42,0.25
historial_amplio,414,2697,True,hybrid,3,898,"Philadelphia Story, The (1940)",False,20,42,0.25
historial_amplio,414,2697,True,hybrid,4,2324,Life Is Beautiful (La Vita è bella) (1997),False,20,42,0.25
historial_amplio,414,2697,True,hybrid,5,3462,Modern Times (1936),False,20,42,0.25
historial_amplio,414,2697,True,hybrid,6,1300,My Life as a Dog (Mitt liv som hund) (1985),False,20,42,0.25
historial_amplio,414,2697,True,hybrid,7,1244,Manhattan (1979),False,20,42,0.25
historial_amplio,414,2697,True,hybrid,8,6001,"King of Comedy, The (1983)",False,20,42,0.25
historial_amplio,414,2697,True,hybrid,9,3307,City Lights (1931),False,20,42,0.25
historial_amplio,414,2697,True,hybrid,10,3266,Man Bites Dog (C'est arrivé près de chez vous) (1992),False,20,42,0.25
historial_pequeno,53,19,True,popularity,1,356,Forrest Gump (1994),False,20,42,0.25
historial_pequeno,53,19,True,popularity,2,318,"Shawshank Redemption, The (1994)",False,20,42,0.25
historial_pequeno,53,19,True,popularity,3,296,Pulp Fiction (1994),False,20,42,0.25
historial_pequeno,53,19,True,popularity,4,2571,"Matrix, The (1999)",False,20,42,0.25
historial_pequeno,53,19,True,popularity,5,593,"Silence of the Lambs, The (1991)",False,20,42,0.25
historial_pequeno,53,19,True,popularity,6,260,Star Wars: Episode IV - A New Hope (1977),False,20,42,0.25
historial_pequeno,53,19,True,popularity,7,110,Braveheart (1995),False,20,42,0.25
historial_pequeno,53,19,True,popularity,8,480,Jurassic Park (1993),False,20,42,0.25
historial_pequeno,53,19,True,popularity,9,589,Terminator 2: Judgment Day (1991),False,20,42,0.25
historial_pequeno,53,19,True,popularity,10,2959,Fight Club (1999),False,20,42,0.25
historial_pequeno,53,19,True,content,1,72142,Love Exposure (Ai No Mukidashi) (2008),False,20,42,0.25
historial_pequeno,53,19,True,content,2,539,Sleepless in Seattle (1993),False,20,42,0.25
historial_pequeno,53,19,True,content,3,1784,As Good as It Gets (1997),False,20,42,0.25
historial_pequeno,53,19,True,content,4,2396,Shakespeare in Love (1998),False,20,42,0.25
historial_pequeno,53,19,True,content,5,1247,"Graduate, The (1967)",False,20,42,0.25
historial_pequeno,53,19,True,content,6,3481,High Fidelity (2000),False,20,42,0.25
historial_pequeno,53,19,True,content,7,6711,Lost in Translation (2003),False,20,42,0.25
historial_pequeno,53,19,True,content,8,11,"American President, The (1995)",False,20,42,0.25
historial_pequeno,53,19,True,content,9,56367,Juno (2007),False,20,42,0.25
historial_pequeno,53,19,True,content,10,4246,Bridget Jones's Diary (2001),False,20,42,0.25
historial_pequeno,53,19,True,collaborative,1,858,"Godfather, The (1972)",False,20,42,0.25
historial_pequeno,53,19,True,collaborative,2,1208,Apocalypse Now (1979),False,20,42,0.25
historial_pequeno,53,19,True,collaborative,3,1230,Annie Hall (1977),False,20,42,0.25
historial_pequeno,53,19,True,collaborative,4,63082,Slumdog Millionaire (2008),False,20,42,0.25
historial_pequeno,53,19,True,collaborative,5,1954,Rocky (1976),False,20,42,0.25
historial_pequeno,53,19,True,collaborative,6,1213,Goodfellas (1990),False,20,42,0.25
historial_pequeno,53,19,True,collaborative,7,47,Seven (a.k.a. Se7en) (1995),False,20,42,0.25
historial_pequeno,53,19,True,collaborative,8,924,2001: A Space Odyssey (1968),False,20,42,0.25
historial_pequeno,53,19,True,collaborative,9,41285,Match Point (2005),False,20,42,0.25
historial_pequeno,53,19,True,collaborative,10,593,"Silence of the Lambs, The (1991)",False,20,42,0.25
historial_pequeno,53,19,True,hybrid,1,5673,Punch-Drunk Love (2002),False,20,42,0.25
historial_pequeno,53,19,True,hybrid,2,5377,About a Boy (2002),False,20,42,0.25
historial_pequeno,53,19,True,hybrid,3,1230,Annie Hall (1977),False,20,42,0.25
historial_pequeno,53,19,True,hybrid,4,5902,Adaptation (2002),False,20,42,0.25
historial_pequeno,53,19,True,hybrid,5,272,"Madness of King George, The (1994)",False,20,42,0.25
historial_pequeno,53,19,True,hybrid,6,63082,Slumdog Millionaire (2008),False,20,42,0.25
historial_pequeno,53,19,True,hybrid,7,6650,Kind Hearts and Coronets (1949),False,20,42,0.25
historial_pequeno,53,19,True,hybrid,8,1954,Rocky (1976),False,20,42,0.25
historial_pequeno,53,19,True,hybrid,9,41285,Match Point (2005),False,20,42,0.25
historial_pequeno,53,19,True,hybrid,10,858,"Godfather, The (1972)",False,20,42,0.25
usuario_nuevo,611,0,False,popularity,1,356,Forrest Gump (1994),False,20,42,0.25
usuario_nuevo,611,0,False,popularity,2,318,"Shawshank Redemption, The (1994)",False,20,42,0.25
usuario_nuevo,611,0,False,popularity,3,296,Pulp Fiction (1994),False,20,42,0.25
usuario_nuevo,611,0,False,popularity,4,2571,"Matrix, The (1999)",False,20,42,0.25
usuario_nuevo,611,0,False,popularity,5,593,"Silence of the Lambs, The (1991)",False,20,42,0.25
usuario_nuevo,611,0,False,popularity,6,260,Star Wars: Episode IV - A New Hope (1977),False,20,42,0.25
usuario_nuevo,611,0,False,popularity,7,110,Braveheart (1995),False,20,42,0.25
usuario_nuevo,611,0,False,popularity,8,480,Jurassic Park (1993),False,20,42,0.25
usuario_nuevo,611,0,False,popularity,9,589,Terminator 2: Judgment Day (1991),False,20,42,0.25
usuario_nuevo,611,0,False,popularity,10,2959,Fight Club (1999),False,20,42,0.25
usuario_nuevo,611,0,False,content,1,356,Forrest Gump (1994),False,20,42,0.25
usuario_nuevo,611,0,False,content,2,318,"Shawshank Redemption, The (1994)",False,20,42,0.25
usuario_nuevo,611,0,False,content,3,296,Pulp Fiction (1994),False,20,42,0.25
usuario_nuevo,611,0,False,content,4,2571,"Matrix, The (1999)",False,20,42,0.25
usuario_nuevo,611,0,False,content,5,593,"Silence of the Lambs, The (1991)",False,20,42,0.25
usuario_nuevo,611,0,False,content,6,260,Star Wars: Episode IV - A New Hope (1977),False,20,42,0.25
usuario_nuevo,611,0,False,content,7,110,Braveheart (1995),False,20,42,0.25
usuario_nuevo,611,0,False,content,8,480,Jurassic Park (1993),False,20,42,0.25
usuario_nuevo,611,0,False,content,9,589,Terminator 2: Judgment Day (1991),False,20,42,0.25
usuario_nuevo,611,0,False,content,10,2959,Fight Club (1999),False,20,42,0.25
usuario_nuevo,611,0,False,collaborative,1,356,Forrest Gump (1994),False,20,42,0.25
usuario_nuevo,611,0,False,collaborative,2,318,"Shawshank Redemption, The (1994)",False,20,42,0.25
usuario_nuevo,611,0,False,collaborative,3,296,Pulp Fiction (1994),False,20,42,0.25
usuario_nuevo,611,0,False,collaborative,4,2571,"Matrix, The (1999)",False,20,42,0.25
usuario_nuevo,611,0,False,collaborative,5,593,"Silence of the Lambs, The (1991)",False,20,42,0.25
usuario_nuevo,611,0,False,collaborative,6,260,Star Wars: Episode IV - A New Hope (1977),False,20,42,0.25
usuario_nuevo,611,0,False,collaborative,7,110,Braveheart (1995),False,20,42,0.25
usuario_nuevo,611,0,False,collaborative,8,480,Jurassic Park (1993),False,20,42,0.25
usuario_nuevo,611,0,False,collaborative,9,589,Terminator 2: Judgment Day (1991),False,20,42,0.25
usuario_nuevo,611,0,False,collaborative,10,2959,Fight Club (1999),False,20,42,0.25
usuario_nuevo,611,0,False,hybrid,1,356,Forrest Gump (1994),False,20,42,0.25
usuario_nuevo,611,0,False,hybrid,2,318,"Shawshank Redemption, The (1994)",False,20,42,0.25
usuario_nuevo,611,0,False,hybrid,3,296,Pulp Fiction (1994),False,20,42,0.25
usuario_nuevo,611,0,False,hybrid,4,2571,"Matrix, The (1999)",False,20,42,0.25
usuario_nuevo,611,0,False,hybrid,5,593,"Silence of the Lambs, The (1991)",False,20,42,0.25
usuario_nuevo,611,0,False,hybrid,6,260,Star Wars: Episode IV - A New Hope (1977),False,20,42,0.25
usuario_nuevo,611,0,False,hybrid,7,110,Braveheart (1995),False,20,42,0.25
usuario_nuevo,611,0,False,hybrid,8,480,Jurassic Park (1993),False,20,42,0.25
usuario_nuevo,611,0,False,hybrid,9,589,Terminator 2: Judgment Day (1991),False,20,42,0.25
usuario_nuevo,611,0,False,hybrid,10,2959,Fight Club (1999),False,20,42,0.25
historial_amplio,414,2697,True,popularity,1,1258,"Shining, The (1980)",False,20,42,0.5
historial_amplio,414,2697,True,popularity,2,8368,Harry Potter and the Prisoner of Azkaban (2004),False,20,42,0.5
historial_amplio,414,2697,True,popularity,3,19,Ace Ventura: When Nature Calls (1995),False,20,42,0.5
historial_amplio,414,2697,True,popularity,4,2324,Life Is Beautiful (La Vita è bella) (1997),False,20,42,0.5
historial_amplio,414,2697,True,popularity,5,410,Addams Family Values (1993),False,20,42,0.5
historial_amplio,414,2697,True,popularity,6,1219,Psycho (1960),False,20,42,0.5
historial_amplio,414,2697,True,popularity,7,317,"Santa Clause, The (1994)",False,20,42,0.5
historial_amplio,414,2697,True,popularity,8,520,Robin Hood: Men in Tights (1993),False,20,42,0.5
historial_amplio,414,2697,True,popularity,9,74458,Shutter Island (2010),False,20,42,0.5
historial_amplio,414,2697,True,popularity,10,48385,Borat: Cultural Learnings of America for Make Benefit Glorious Nation of Kazakhstan (2006),False,20,42,0.5
historial_amplio,414,2697,True,content,1,92259,Intouchables (2011),False,20,42,0.5
historial_amplio,414,2697,True,content,2,272,"Madness of King George, The (1994)",False,20,42,0.5
historial_amplio,414,2697,True,content,3,2431,Patch Adams (1998),False,20,42,0.5
historial_amplio,414,2697,True,content,4,2352,"Big Chill, The (1983)",False,20,42,0.5
historial_amplio,414,2697,True,content,5,1958,Terms of Endearment (1983),False,20,42,0.5
historial_amplio,414,2697,True,content,6,34437,Broken Flowers (2005),False,20,42,0.5
historial_amplio,414,2697,True,content,7,1292,Being There (1979),False,20,42,0.5
historial_amplio,414,2697,True,content,8,371,"Paper, The (1994)",False,20,42,0.5
historial_amplio,414,2697,True,content,9,194,Smoke (1995),False,20,42,0.5
historial_amplio,414,2697,True,content,10,65230,Marley & Me (2008),False,20,42,0.5
historial_amplio,414,2697,True,collaborative,1,2324,Life Is Beautiful (La Vita è bella) (1997),False,20,42,0.5
historial_amplio,414,2697,True,collaborative,2,1203,12 Angry Men (1957),False,20,42,0.5
historial_amplio,414,2697,True,collaborative,3,1219,Psycho (1960),False,20,42,0.5
historial_amplio,414,2697,True,collaborative,4,914,My Fair Lady (1964),False,20,42,0.5
historial_amplio,414,2697,True,collaborative,5,1230,Annie Hall (1977),False,20,42,0.5
historial_amplio,414,2697,True,collaborative,6,246,Hoop Dreams (1994),False,20,42,0.5
historial_amplio,414,2697,True,collaborative,7,1258,"Shining, The (1980)",False,20,42,0.5
historial_amplio,414,2697,True,collaborative,8,922,Sunset Blvd. (a.k.a. Sunset Boulevard) (1950),False,20,42,0.5
historial_amplio,414,2697,True,collaborative,9,31658,Howl's Moving Castle (Hauru no ugoku shiro) (2004),False,20,42,0.5
historial_amplio,414,2697,True,collaborative,10,92259,Intouchables (2011),False,20,42,0.5
historial_amplio,414,2697,True,hybrid,1,2324,Life Is Beautiful (La Vita è bella) (1997),False,20,42,0.5
historial_amplio,414,2697,True,hybrid,2,1203,12 Angry Men (1957),False,20,42,0.5
historial_amplio,414,2697,True,hybrid,3,92259,Intouchables (2011),False,20,42,0.5
historial_amplio,414,2697,True,hybrid,4,898,"Philadelphia Story, The (1940)",False,20,42,0.5
historial_amplio,414,2697,True,hybrid,5,914,My Fair Lady (1964),False,20,42,0.5
historial_amplio,414,2697,True,hybrid,6,3462,Modern Times (1936),False,20,42,0.5
historial_amplio,414,2697,True,hybrid,7,1230,Annie Hall (1977),False,20,42,0.5
historial_amplio,414,2697,True,hybrid,8,44555,"Lives of Others, The (Das leben der Anderen) (2006)",False,20,42,0.5
historial_amplio,414,2697,True,hybrid,9,926,All About Eve (1950),False,20,42,0.5
historial_amplio,414,2697,True,hybrid,10,1244,Manhattan (1979),False,20,42,0.5
historial_pequeno,53,19,True,popularity,1,356,Forrest Gump (1994),False,20,42,0.5
historial_pequeno,53,19,True,popularity,2,318,"Shawshank Redemption, The (1994)",False,20,42,0.5
historial_pequeno,53,19,True,popularity,3,296,Pulp Fiction (1994),False,20,42,0.5
historial_pequeno,53,19,True,popularity,4,2571,"Matrix, The (1999)",False,20,42,0.5
historial_pequeno,53,19,True,popularity,5,593,"Silence of the Lambs, The (1991)",False,20,42,0.5
historial_pequeno,53,19,True,popularity,6,260,Star Wars: Episode IV - A New Hope (1977),False,20,42,0.5
historial_pequeno,53,19,True,popularity,7,110,Braveheart (1995),False,20,42,0.5
historial_pequeno,53,19,True,popularity,8,480,Jurassic Park (1993),False,20,42,0.5
historial_pequeno,53,19,True,popularity,9,589,Terminator 2: Judgment Day (1991),False,20,42,0.5
historial_pequeno,53,19,True,popularity,10,2959,Fight Club (1999),False,20,42,0.5
historial_pequeno,53,19,True,content,1,72142,Love Exposure (Ai No Mukidashi) (2008),False,20,42,0.5
historial_pequeno,53,19,True,content,2,539,Sleepless in Seattle (1993),False,20,42,0.5
historial_pequeno,53,19,True,content,3,1784,As Good as It Gets (1997),False,20,42,0.5
historial_pequeno,53,19,True,content,4,2396,Shakespeare in Love (1998),False,20,42,0.5
historial_pequeno,53,19,True,content,5,1247,"Graduate, The (1967)",False,20,42,0.5
historial_pequeno,53,19,True,content,6,3481,High Fidelity (2000),False,20,42,0.5
historial_pequeno,53,19,True,content,7,6711,Lost in Translation (2003),False,20,42,0.5
historial_pequeno,53,19,True,content,8,11,"American President, The (1995)",False,20,42,0.5
historial_pequeno,53,19,True,content,9,56367,Juno (2007),False,20,42,0.5
historial_pequeno,53,19,True,content,10,4246,Bridget Jones's Diary (2001),False,20,42,0.5
historial_pequeno,53,19,True,collaborative,1,858,"Godfather, The (1972)",False,20,42,0.5
historial_pequeno,53,19,True,collaborative,2,1208,Apocalypse Now (1979),False,20,42,0.5
historial_pequeno,53,19,True,collaborative,3,1230,Annie Hall (1977),False,20,42,0.5
historial_pequeno,53,19,True,collaborative,4,63082,Slumdog Millionaire (2008),False,20,42,0.5
historial_pequeno,53,19,True,collaborative,5,1954,Rocky (1976),False,20,42,0.5
historial_pequeno,53,19,True,collaborative,6,1213,Goodfellas (1990),False,20,42,0.5
historial_pequeno,53,19,True,collaborative,7,47,Seven (a.k.a. Se7en) (1995),False,20,42,0.5
historial_pequeno,53,19,True,collaborative,8,924,2001: A Space Odyssey (1968),False,20,42,0.5
historial_pequeno,53,19,True,collaborative,9,41285,Match Point (2005),False,20,42,0.5
historial_pequeno,53,19,True,collaborative,10,593,"Silence of the Lambs, The (1991)",False,20,42,0.5
historial_pequeno,53,19,True,hybrid,1,858,"Godfather, The (1972)",False,20,42,0.5
historial_pequeno,53,19,True,hybrid,2,1230,Annie Hall (1977),False,20,42,0.5
historial_pequeno,53,19,True,hybrid,3,63082,Slumdog Millionaire (2008),False,20,42,0.5
historial_pequeno,53,19,True,hybrid,4,5673,Punch-Drunk Love (2002),False,20,42,0.5
historial_pequeno,53,19,True,hybrid,5,1954,Rocky (1976),False,20,42,0.5
historial_pequeno,53,19,True,hybrid,6,1208,Apocalypse Now (1979),False,20,42,0.5
historial_pequeno,53,19,True,hybrid,7,41285,Match Point (2005),False,20,42,0.5
historial_pequeno,53,19,True,hybrid,8,5377,About a Boy (2002),False,20,42,0.5
historial_pequeno,53,19,True,hybrid,9,2671,Notting Hill (1999),False,20,42,0.5
historial_pequeno,53,19,True,hybrid,10,1213,Goodfellas (1990),False,20,42,0.5
usuario_nuevo,611,0,False,popularity,1,356,Forrest Gump (1994),False,20,42,0.5
usuario_nuevo,611,0,False,popularity,2,318,"Shawshank Redemption, The (1994)",False,20,42,0.5
usuario_nuevo,611,0,False,popularity,3,296,Pulp Fiction (1994),False,20,42,0.5
usuario_nuevo,611,0,False,popularity,4,2571,"Matrix, The (1999)",False,20,42,0.5
usuario_nuevo,611,0,False,popularity,5,593,"Silence of the Lambs, The (1991)",False,20,42,0.5
usuario_nuevo,611,0,False,popularity,6,260,Star Wars: Episode IV - A New Hope (1977),False,20,42,0.5
usuario_nuevo,611,0,False,popularity,7,110,Braveheart (1995),False,20,42,0.5
usuario_nuevo,611,0,False,popularity,8,480,Jurassic Park (1993),False,20,42,0.5
usuario_nuevo,611,0,False,popularity,9,589,Terminator 2: Judgment Day (1991),False,20,42,0.5
usuario_nuevo,611,0,False,popularity,10,2959,Fight Club (1999),False,20,42,0.5
usuario_nuevo,611,0,False,content,1,356,Forrest Gump (1994),False,20,42,0.5
usuario_nuevo,611,0,False,content,2,318,"Shawshank Redemption, The (1994)",False,20,42,0.5
usuario_nuevo,611,0,False,content,3,296,Pulp Fiction (1994),False,20,42,0.5
usuario_nuevo,611,0,False,content,4,2571,"Matrix, The (1999)",False,20,42,0.5
usuario_nuevo,611,0,False,content,5,593,"Silence of the Lambs, The (1991)",False,20,42,0.5
usuario_nuevo,611,0,False,content,6,260,Star Wars: Episode IV - A New Hope (1977),False,20,42,0.5
usuario_nuevo,611,0,False,content,7,110,Braveheart (1995),False,20,42,0.5
usuario_nuevo,611,0,False,content,8,480,Jurassic Park (1993),False,20,42,0.5
usuario_nuevo,611,0,False,content,9,589,Terminator 2: Judgment Day (1991),False,20,42,0.5
usuario_nuevo,611,0,False,content,10,2959,Fight Club (1999),False,20,42,0.5
usuario_nuevo,611,0,False,collaborative,1,356,Forrest Gump (1994),False,20,42,0.5
usuario_nuevo,611,0,False,collaborative,2,318,"Shawshank Redemption, The (1994)",False,20,42,0.5
usuario_nuevo,611,0,False,collaborative,3,296,Pulp Fiction (1994),False,20,42,0.5
usuario_nuevo,611,0,False,collaborative,4,2571,"Matrix, The (1999)",False,20,42,0.5
usuario_nuevo,611,0,False,collaborative,5,593,"Silence of the Lambs, The (1991)",False,20,42,0.5
usuario_nuevo,611,0,False,collaborative,6,260,Star Wars: Episode IV - A New Hope (1977),False,20,42,0.5
usuario_nuevo,611,0,False,collaborative,7,110,Braveheart (1995),False,20,42,0.5
usuario_nuevo,611,0,False,collaborative,8,480,Jurassic Park (1993),False,20,42,0.5
usuario_nuevo,611,0,False,collaborative,9,589,Terminator 2: Judgment Day (1991),False,20,42,0.5
usuario_nuevo,611,0,False,collaborative,10,2959,Fight Club (1999),False,20,42,0.5
usuario_nuevo,611,0,False,hybrid,1,356,Forrest Gump (1994),False,20,42,0.5
usuario_nuevo,611,0,False,hybrid,2,318,"Shawshank Redemption, The (1994)",False,20,42,0.5
usuario_nuevo,611,0,False,hybrid,3,296,Pulp Fiction (1994),False,20,42,0.5
usuario_nuevo,611,0,False,hybrid,4,2571,"Matrix, The (1999)",False,20,42,0.5
usuario_nuevo,611,0,False,hybrid,5,593,"Silence of the Lambs, The (1991)",False,20,42,0.5
usuario_nuevo,611,0,False,hybrid,6,260,Star Wars: Episode IV - A New Hope (1977),False,20,42,0.5
usuario_nuevo,611,0,False,hybrid,7,110,Braveheart (1995),False,20,42,0.5
usuario_nuevo,611,0,False,hybrid,8,480,Jurassic Park (1993),False,20,42,0.5
usuario_nuevo,611,0,False,hybrid,9,589,Terminator 2: Judgment Day (1991),False,20,42,0.5
usuario_nuevo,611,0,False,hybrid,10,2959,Fight Club (1999),False,20,42,0.5
historial_amplio,414,2697,True,popularity,1,1258,"Shining, The (1980)",False,20,42,0.75
historial_amplio,414,2697,True,popularity,2,8368,Harry Potter and the Prisoner of Azkaban (2004),False,20,42,0.75
historial_amplio,414,2697,True,popularity,3,19,Ace Ventura: When Nature Calls (1995),False,20,42,0.75
historial_amplio,414,2697,True,popularity,4,2324,Life Is Beautiful (La Vita è bella) (1997),False,20,42,0.75
historial_amplio,414,2697,True,popularity,5,410,Addams Family Values (1993),False,20,42,0.75
historial_amplio,414,2697,True,popularity,6,1219,Psycho (1960),False,20,42,0.75
historial_amplio,414,2697,True,popularity,7,317,"Santa Clause, The (1994)",False,20,42,0.75
historial_amplio,414,2697,True,popularity,8,520,Robin Hood: Men in Tights (1993),False,20,42,0.75
historial_amplio,414,2697,True,popularity,9,74458,Shutter Island (2010),False,20,42,0.75
historial_amplio,414,2697,True,popularity,10,48385,Borat: Cultural Learnings of America for Make Benefit Glorious Nation of Kazakhstan (2006),False,20,42,0.75
historial_amplio,414,2697,True,content,1,92259,Intouchables (2011),False,20,42,0.75
historial_amplio,414,2697,True,content,2,272,"Madness of King George, The (1994)",False,20,42,0.75
historial_amplio,414,2697,True,content,3,2431,Patch Adams (1998),False,20,42,0.75
historial_amplio,414,2697,True,content,4,2352,"Big Chill, The (1983)",False,20,42,0.75
historial_amplio,414,2697,True,content,5,1958,Terms of Endearment (1983),False,20,42,0.75
historial_amplio,414,2697,True,content,6,34437,Broken Flowers (2005),False,20,42,0.75
historial_amplio,414,2697,True,content,7,1292,Being There (1979),False,20,42,0.75
historial_amplio,414,2697,True,content,8,371,"Paper, The (1994)",False,20,42,0.75
historial_amplio,414,2697,True,content,9,194,Smoke (1995),False,20,42,0.75
historial_amplio,414,2697,True,content,10,65230,Marley & Me (2008),False,20,42,0.75
historial_amplio,414,2697,True,collaborative,1,2324,Life Is Beautiful (La Vita è bella) (1997),False,20,42,0.75
historial_amplio,414,2697,True,collaborative,2,1203,12 Angry Men (1957),False,20,42,0.75
historial_amplio,414,2697,True,collaborative,3,1219,Psycho (1960),False,20,42,0.75
historial_amplio,414,2697,True,collaborative,4,914,My Fair Lady (1964),False,20,42,0.75
historial_amplio,414,2697,True,collaborative,5,1230,Annie Hall (1977),False,20,42,0.75
historial_amplio,414,2697,True,collaborative,6,246,Hoop Dreams (1994),False,20,42,0.75
historial_amplio,414,2697,True,collaborative,7,1258,"Shining, The (1980)",False,20,42,0.75
historial_amplio,414,2697,True,collaborative,8,922,Sunset Blvd. (a.k.a. Sunset Boulevard) (1950),False,20,42,0.75
historial_amplio,414,2697,True,collaborative,9,31658,Howl's Moving Castle (Hauru no ugoku shiro) (2004),False,20,42,0.75
historial_amplio,414,2697,True,collaborative,10,92259,Intouchables (2011),False,20,42,0.75
historial_amplio,414,2697,True,hybrid,1,2324,Life Is Beautiful (La Vita è bella) (1997),False,20,42,0.75
historial_amplio,414,2697,True,hybrid,2,1203,12 Angry Men (1957),False,20,42,0.75
historial_amplio,414,2697,True,hybrid,3,914,My Fair Lady (1964),False,20,42,0.75
historial_amplio,414,2697,True,hybrid,4,92259,Intouchables (2011),False,20,42,0.75
historial_amplio,414,2697,True,hybrid,5,1230,Annie Hall (1977),False,20,42,0.75
historial_amplio,414,2697,True,hybrid,6,898,"Philadelphia Story, The (1940)",False,20,42,0.75
historial_amplio,414,2697,True,hybrid,7,1219,Psycho (1960),False,20,42,0.75
historial_amplio,414,2697,True,hybrid,8,44555,"Lives of Others, The (Das leben der Anderen) (2006)",False,20,42,0.75
historial_amplio,414,2697,True,hybrid,9,1287,Ben-Hur (1959),False,20,42,0.75
historial_amplio,414,2697,True,hybrid,10,74458,Shutter Island (2010),False,20,42,0.75
historial_pequeno,53,19,True,popularity,1,356,Forrest Gump (1994),False,20,42,0.75
historial_pequeno,53,19,True,popularity,2,318,"Shawshank Redemption, The (1994)",False,20,42,0.75
historial_pequeno,53,19,True,popularity,3,296,Pulp Fiction (1994),False,20,42,0.75
historial_pequeno,53,19,True,popularity,4,2571,"Matrix, The (1999)",False,20,42,0.75
historial_pequeno,53,19,True,popularity,5,593,"Silence of the Lambs, The (1991)",False,20,42,0.75
historial_pequeno,53,19,True,popularity,6,260,Star Wars: Episode IV - A New Hope (1977),False,20,42,0.75
historial_pequeno,53,19,True,popularity,7,110,Braveheart (1995),False,20,42,0.75
historial_pequeno,53,19,True,popularity,8,480,Jurassic Park (1993),False,20,42,0.75
historial_pequeno,53,19,True,popularity,9,589,Terminator 2: Judgment Day (1991),False,20,42,0.75
historial_pequeno,53,19,True,popularity,10,2959,Fight Club (1999),False,20,42,0.75
historial_pequeno,53,19,True,content,1,72142,Love Exposure (Ai No Mukidashi) (2008),False,20,42,0.75
historial_pequeno,53,19,True,content,2,539,Sleepless in Seattle (1993),False,20,42,0.75
historial_pequeno,53,19,True,content,3,1784,As Good as It Gets (1997),False,20,42,0.75
historial_pequeno,53,19,True,content,4,2396,Shakespeare in Love (1998),False,20,42,0.75
historial_pequeno,53,19,True,content,5,1247,"Graduate, The (1967)",False,20,42,0.75
historial_pequeno,53,19,True,content,6,3481,High Fidelity (2000),False,20,42,0.75
historial_pequeno,53,19,True,content,7,6711,Lost in Translation (2003),False,20,42,0.75
historial_pequeno,53,19,True,content,8,11,"American President, The (1995)",False,20,42,0.75
historial_pequeno,53,19,True,content,9,56367,Juno (2007),False,20,42,0.75
historial_pequeno,53,19,True,content,10,4246,Bridget Jones's Diary (2001),False,20,42,0.75
historial_pequeno,53,19,True,collaborative,1,858,"Godfather, The (1972)",False,20,42,0.75
historial_pequeno,53,19,True,collaborative,2,1208,Apocalypse Now (1979),False,20,42,0.75
historial_pequeno,53,19,True,collaborative,3,1230,Annie Hall (1977),False,20,42,0.75
historial_pequeno,53,19,True,collaborative,4,63082,Slumdog Millionaire (2008),False,20,42,0.75
historial_pequeno,53,19,True,collaborative,5,1954,Rocky (1976),False,20,42,0.75
historial_pequeno,53,19,True,collaborative,6,1213,Goodfellas (1990),False,20,42,0.75
historial_pequeno,53,19,True,collaborative,7,47,Seven (a.k.a. Se7en) (1995),False,20,42,0.75
historial_pequeno,53,19,True,collaborative,8,924,2001: A Space Odyssey (1968),False,20,42,0.75
historial_pequeno,53,19,True,collaborative,9,41285,Match Point (2005),False,20,42,0.75
historial_pequeno,53,19,True,collaborative,10,593,"Silence of the Lambs, The (1991)",False,20,42,0.75
historial_pequeno,53,19,True,hybrid,1,858,"Godfather, The (1972)",False,20,42,0.75
historial_pequeno,53,19,True,hybrid,2,1230,Annie Hall (1977),False,20,42,0.75
historial_pequeno,53,19,True,hybrid,3,1208,Apocalypse Now (1979),False,20,42,0.75
historial_pequeno,53,19,True,hybrid,4,63082,Slumdog Millionaire (2008),False,20,42,0.75
historial_pequeno,53,19,True,hybrid,5,1954,Rocky (1976),False,20,42,0.75
historial_pequeno,53,19,True,hybrid,6,41285,Match Point (2005),False,20,42,0.75
historial_pequeno,53,19,True,hybrid,7,1213,Goodfellas (1990),False,20,42,0.75
historial_pequeno,53,19,True,hybrid,8,924,2001: A Space Odyssey (1968),False,20,42,0.75
historial_pequeno,53,19,True,hybrid,9,5673,Punch-Drunk Love (2002),False,20,42,0.75
historial_pequeno,53,19,True,hybrid,10,2671,Notting Hill (1999),False,20,42,0.75
usuario_nuevo,611,0,False,popularity,1,356,Forrest Gump (1994),False,20,42,0.75
usuario_nuevo,611,0,False,popularity,2,318,"Shawshank Redemption, The (1994)",False,20,42,0.75
usuario_nuevo,611,0,False,popularity,3,296,Pulp Fiction (1994),False,20,42,0.75
usuario_nuevo,611,0,False,popularity,4,2571,"Matrix, The (1999)",False,20,42,0.75
usuario_nuevo,611,0,False,popularity,5,593,"Silence of the Lambs, The (1991)",False,20,42,0.75
usuario_nuevo,611,0,False,popularity,6,260,Star Wars: Episode IV - A New Hope (1977),False,20,42,0.75
usuario_nuevo,611,0,False,popularity,7,110,Braveheart (1995),False,20,42,0.75
usuario_nuevo,611,0,False,popularity,8,480,Jurassic Park (1993),False,20,42,0.75
usuario_nuevo,611,0,False,popularity,9,589,Terminator 2: Judgment Day (1991),False,20,42,0.75
usuario_nuevo,611,0,False,popularity,10,2959,Fight Club (1999),False,20,42,0.75
usuario_nuevo,611,0,False,content,1,356,Forrest Gump (1994),False,20,42,0.75
usuario_nuevo,611,0,False,content,2,318,"Shawshank Redemption, The (1994)",False,20,42,0.75
usuario_nuevo,611,0,False,content,3,296,Pulp Fiction (1994),False,20,42,0.75
usuario_nuevo,611,0,False,content,4,2571,"Matrix, The (1999)",False,20,42,0.75
usuario_nuevo,611,0,False,content,5,593,"Silence of the Lambs, The (1991)",False,20,42,0.75
usuario_nuevo,611,0,False,content,6,260,Star Wars: Episode IV - A New Hope (1977),False,20,42,0.75
usuario_nuevo,611,0,False,content,7,110,Braveheart (1995),False,20,42,0.75
usuario_nuevo,611,0,False,content,8,480,Jurassic Park (1993),False,20,42,0.75
usuario_nuevo,611,0,False,content,9,589,Terminator 2: Judgment Day (1991),False,20,42,0.75
usuario_nuevo,611,0,False,content,10,2959,Fight Club (1999),False,20,42,0.75
usuario_nuevo,611,0,False,collaborative,1,356,Forrest Gump (1994),False,20,42,0.75
usuario_nuevo,611,0,False,collaborative,2,318,"Shawshank Redemption, The (1994)",False,20,42,0.75
usuario_nuevo,611,0,False,collaborative,3,296,Pulp Fiction (1994),False,20,42,0.75
usuario_nuevo,611,0,False,collaborative,4,2571,"Matrix, The (1999)",False,20,42,0.75
usuario_nuevo,611,0,False,collaborative,5,593,"Silence of the Lambs, The (1991)",False,20,42,0.75
usuario_nuevo,611,0,False,collaborative,6,260,Star Wars: Episode IV - A New Hope (1977),False,20,42,0.75
usuario_nuevo,611,0,False,collaborative,7,110,Braveheart (1995),False,20,42,0.75
usuario_nuevo,611,0,False,collaborative,8,480,Jurassic Park (1993),False,20,42,0.75
usuario_nuevo,611,0,False,collaborative,9,589,Terminator 2: Judgment Day (1991),False,20,42,0.75
usuario_nuevo,611,0,False,collaborative,10,2959,Fight Club (1999),False,20,42,0.75
usuario_nuevo,611,0,False,hybrid,1,356,Forrest Gump (1994),False,20,42,0.75
usuario_nuevo,611,0,False,hybrid,2,318,"Shawshank Redemption, The (1994)",False,20,42,0.75
usuario_nuevo,611,0,False,hybrid,3,296,Pulp Fiction (1994),False,20,42,0.75
usuario_nuevo,611,0,False,hybrid,4,2571,"Matrix, The (1999)",False,20,42,0.75
usuario_nuevo,611,0,False,hybrid,5,593,"Silence of the Lambs, The (1991)",False,20,42,0.75
usuario_nuevo,611,0,False,hybrid,6,260,Star Wars: Episode IV - A New Hope (1977),False,20,42,0.75
usuario_nuevo,611,0,False,hybrid,7,110,Braveheart (1995),False,20,42,0.75
usuario_nuevo,611,0,False,hybrid,8,480,Jurassic Park (1993),False,20,42,0.75
usuario_nuevo,611,0,False,hybrid,9,589,Terminator 2: Judgment Day (1991),False,20,42,0.75
usuario_nuevo,611,0,False,hybrid,10,2959,Fight Club (1999),False,20,42,0.75
historial_amplio,414,2697,True,popularity,1,1258,"Shining, The (1980)",False,20,7,0.25
historial_amplio,414,2697,True,popularity,2,8368,Harry Potter and the Prisoner of Azkaban (2004),False,20,7,0.25
historial_amplio,414,2697,True,popularity,3,19,Ace Ventura: When Nature Calls (1995),False,20,7,0.25
historial_amplio,414,2697,True,popularity,4,2324,Life Is Beautiful (La Vita è bella) (1997),False,20,7,0.25
historial_amplio,414,2697,True,popularity,5,410,Addams Family Values (1993),False,20,7,0.25
historial_amplio,414,2697,True,popularity,6,1219,Psycho (1960),False,20,7,0.25
historial_amplio,414,2697,True,popularity,7,317,"Santa Clause, The (1994)",False,20,7,0.25
historial_amplio,414,2697,True,popularity,8,520,Robin Hood: Men in Tights (1993),False,20,7,0.25
historial_amplio,414,2697,True,popularity,9,74458,Shutter Island (2010),False,20,7,0.25
historial_amplio,414,2697,True,popularity,10,48385,Borat: Cultural Learnings of America for Make Benefit Glorious Nation of Kazakhstan (2006),False,20,7,0.25
historial_amplio,414,2697,True,content,1,92259,Intouchables (2011),False,20,7,0.25
historial_amplio,414,2697,True,content,2,272,"Madness of King George, The (1994)",False,20,7,0.25
historial_amplio,414,2697,True,content,3,2431,Patch Adams (1998),False,20,7,0.25
historial_amplio,414,2697,True,content,4,2352,"Big Chill, The (1983)",False,20,7,0.25
historial_amplio,414,2697,True,content,5,1958,Terms of Endearment (1983),False,20,7,0.25
historial_amplio,414,2697,True,content,6,34437,Broken Flowers (2005),False,20,7,0.25
historial_amplio,414,2697,True,content,7,1292,Being There (1979),False,20,7,0.25
historial_amplio,414,2697,True,content,8,371,"Paper, The (1994)",False,20,7,0.25
historial_amplio,414,2697,True,content,9,194,Smoke (1995),False,20,7,0.25
historial_amplio,414,2697,True,content,10,65230,Marley & Me (2008),False,20,7,0.25
historial_amplio,414,2697,True,collaborative,1,2324,Life Is Beautiful (La Vita è bella) (1997),False,20,7,0.25
historial_amplio,414,2697,True,collaborative,2,1203,12 Angry Men (1957),False,20,7,0.25
historial_amplio,414,2697,True,collaborative,3,1230,Annie Hall (1977),False,20,7,0.25
historial_amplio,414,2697,True,collaborative,4,1219,Psycho (1960),False,20,7,0.25
historial_amplio,414,2697,True,collaborative,5,1258,"Shining, The (1980)",False,20,7,0.25
historial_amplio,414,2697,True,collaborative,6,922,Sunset Blvd. (a.k.a. Sunset Boulevard) (1950),False,20,7,0.25
historial_amplio,414,2697,True,collaborative,7,246,Hoop Dreams (1994),False,20,7,0.25
historial_amplio,414,2697,True,collaborative,8,74458,Shutter Island (2010),False,20,7,0.25
historial_amplio,414,2697,True,collaborative,9,898,"Philadelphia Story, The (1940)",False,20,7,0.25
historial_amplio,414,2697,True,collaborative,10,1244,Manhattan (1979),False,20,7,0.25
historial_amplio,414,2697,True,hybrid,1,92259,Intouchables (2011),False,20,7,0.25
historial_amplio,414,2697,True,hybrid,2,898,"Philadelphia Story, The (1940)",False,20,7,0.25
historial_amplio,414,2697,True,hybrid,3,1244,Manhattan (1979),False,20,7,0.25
historial_amplio,414,2697,True,hybrid,4,1203,12 Angry Men (1957),False,20,7,0.25
historial_amplio,414,2697,True,hybrid,5,2324,Life Is Beautiful (La Vita è bella) (1997),False,20,7,0.25
historial_amplio,414,2697,True,hybrid,6,58,"Postman, The (Postino, Il) (1994)",False,20,7,0.25
historial_amplio,414,2697,True,hybrid,7,1279,Night on Earth (1991),False,20,7,0.25
historial_amplio,414,2697,True,hybrid,8,3462,Modern Times (1936),False,20,7,0.25
historial_amplio,414,2697,True,hybrid,9,954,Mr. Smith Goes to Washington (1939),False,20,7,0.25
historial_amplio,414,2697,True,hybrid,10,3468,"Hustler, The (1961)",False,20,7,0.25
historial_pequeno,53,19,True,popularity,1,356,Forrest Gump (1994),False,20,7,0.25
historial_pequeno,53,19,True,popularity,2,318,"Shawshank Redemption, The (1994)",False,20,7,0.25
historial_pequeno,53,19,True,popularity,3,296,Pulp Fiction (1994),False,20,7,0.25
historial_pequeno,53,19,True,popularity,4,2571,"Matrix, The (1999)",False,20,7,0.25
historial_pequeno,53,19,True,popularity,5,593,"Silence of the Lambs, The (1991)",False,20,7,0.25
historial_pequeno,53,19,True,popularity,6,260,Star Wars: Episode IV - A New Hope (1977),False,20,7,0.25
historial_pequeno,53,19,True,popularity,7,110,Braveheart (1995),False,20,7,0.25
historial_pequeno,53,19,True,popularity,8,480,Jurassic Park (1993),False,20,7,0.25
historial_pequeno,53,19,True,popularity,9,589,Terminator 2: Judgment Day (1991),False,20,7,0.25
historial_pequeno,53,19,True,popularity,10,2959,Fight Club (1999),False,20,7,0.25
historial_pequeno,53,19,True,content,1,72142,Love Exposure (Ai No Mukidashi) (2008),False,20,7,0.25
historial_pequeno,53,19,True,content,2,539,Sleepless in Seattle (1993),False,20,7,0.25
historial_pequeno,53,19,True,content,3,1784,As Good as It Gets (1997),False,20,7,0.25
historial_pequeno,53,19,True,content,4,2396,Shakespeare in Love (1998),False,20,7,0.25
historial_pequeno,53,19,True,content,5,1247,"Graduate, The (1967)",False,20,7,0.25
historial_pequeno,53,19,True,content,6,3481,High Fidelity (2000),False,20,7,0.25
historial_pequeno,53,19,True,content,7,6711,Lost in Translation (2003),False,20,7,0.25
historial_pequeno,53,19,True,content,8,11,"American President, The (1995)",False,20,7,0.25
historial_pequeno,53,19,True,content,9,56367,Juno (2007),False,20,7,0.25
historial_pequeno,53,19,True,content,10,4246,Bridget Jones's Diary (2001),False,20,7,0.25
historial_pequeno,53,19,True,collaborative,1,15,Cutthroat Island (1995),False,20,7,0.25
historial_pequeno,53,19,True,collaborative,2,1732,"Big Lebowski, The (1998)",False,20,7,0.25
historial_pequeno,53,19,True,collaborative,3,2373,Red Sonja (1985),False,20,7,0.25
historial_pequeno,53,19,True,collaborative,4,2806,Teaching Mrs. Tingle (1999),False,20,7,0.25
historial_pequeno,53,19,True,collaborative,5,252,I.Q. (1994),False,20,7,0.25
historial_pequeno,53,19,True,collaborative,6,1342,Candyman (1992),False,20,7,0.25
historial_pequeno,53,19,True,collaborative,7,3268,Stop! Or My Mom Will Shoot (1992),False,20,7,0.25
historial_pequeno,53,19,True,collaborative,8,4506,Frantic (1988),False,20,7,0.25
historial_pequeno,53,19,True,collaborative,9,3511,Ready to Rumble (2000),False,20,7,0.25
historial_pequeno,53,19,True,collaborative,10,2456,"Fly II, The (1989)",False,20,7,0.25
historial_pequeno,53,19,True,hybrid,1,2431,Patch Adams (1998),False,20,7,0.25
historial_pequeno,53,19,True,hybrid,2,5945,About Schmidt (2002),False,20,7,0.25
historial_pequeno,53,19,True,hybrid,3,1912,Out of Sight (1998),False,20,7,0.25
historial_pequeno,53,19,True,hybrid,4,72,Kicking and Screaming (1995),False,20,7,0.25
historial_pequeno,53,19,True,hybrid,5,1243,Rosencrantz and Guildenstern Are Dead (1990),False,20,7,0.25
historial_pequeno,53,19,True,hybrid,6,252,I.Q. (1994),False,20,7,0.25
historial_pequeno,53,19,True,hybrid,7,352,Crooklyn (1994),False,20,7,0.25
historial_pequeno,53,19,True,hybrid,8,3504,Network (1976),False,20,7,0.25
historial_pequeno,53,19,True,hybrid,9,4228,Heartbreakers (2001),False,20,7,0.25
historial_pequeno,53,19,True,hybrid,10,62,Mr. Holland's Opus (1995),False,20,7,0.25
usuario_nuevo,611,0,False,popularity,1,356,Forrest Gump (1994),False,20,7,0.25
usuario_nuevo,611,0,False,popularity,2,318,"Shawshank Redemption, The (1994)",False,20,7,0.25
usuario_nuevo,611,0,False,popularity,3,296,Pulp Fiction (1994),False,20,7,0.25
usuario_nuevo,611,0,False,popularity,4,2571,"Matrix, The (1999)",False,20,7,0.25
usuario_nuevo,611,0,False,popularity,5,593,"Silence of the Lambs, The (1991)",False,20,7,0.25
usuario_nuevo,611,0,False,popularity,6,260,Star Wars: Episode IV - A New Hope (1977),False,20,7,0.25
usuario_nuevo,611,0,False,popularity,7,110,Braveheart (1995),False,20,7,0.25
usuario_nuevo,611,0,False,popularity,8,480,Jurassic Park (1993),False,20,7,0.25
usuario_nuevo,611,0,False,popularity,9,589,Terminator 2: Judgment Day (1991),False,20,7,0.25
usuario_nuevo,611,0,False,popularity,10,2959,Fight Club (1999),False,20,7,0.25
usuario_nuevo,611,0,False,content,1,356,Forrest Gump (1994),False,20,7,0.25
usuario_nuevo,611,0,False,content,2,318,"Shawshank Redemption, The (1994)",False,20,7,0.25
usuario_nuevo,611,0,False,content,3,296,Pulp Fiction (1994),False,20,7,0.25
usuario_nuevo,611,0,False,content,4,2571,"Matrix, The (1999)",False,20,7,0.25
usuario_nuevo,611,0,False,content,5,593,"Silence of the Lambs, The (1991)",False,20,7,0.25
usuario_nuevo,611,0,False,content,6,260,Star Wars: Episode IV - A New Hope (1977),False,20,7,0.25
usuario_nuevo,611,0,False,content,7,110,Braveheart (1995),False,20,7,0.25
usuario_nuevo,611,0,False,content,8,480,Jurassic Park (1993),False,20,7,0.25
usuario_nuevo,611,0,False,content,9,589,Terminator 2: Judgment Day (1991),False,20,7,0.25
usuario_nuevo,611,0,False,content,10,2959,Fight Club (1999),False,20,7,0.25
usuario_nuevo,611,0,False,collaborative,1,356,Forrest Gump (1994),False,20,7,0.25
usuario_nuevo,611,0,False,collaborative,2,318,"Shawshank Redemption, The (1994)",False,20,7,0.25
usuario_nuevo,611,0,False,collaborative,3,296,Pulp Fiction (1994),False,20,7,0.25
usuario_nuevo,611,0,False,collaborative,4,2571,"Matrix, The (1999)",False,20,7,0.25
usuario_nuevo,611,0,False,collaborative,5,593,"Silence of the Lambs, The (1991)",False,20,7,0.25
usuario_nuevo,611,0,False,collaborative,6,260,Star Wars: Episode IV - A New Hope (1977),False,20,7,0.25
usuario_nuevo,611,0,False,collaborative,7,110,Braveheart (1995),False,20,7,0.25
usuario_nuevo,611,0,False,collaborative,8,480,Jurassic Park (1993),False,20,7,0.25
usuario_nuevo,611,0,False,collaborative,9,589,Terminator 2: Judgment Day (1991),False,20,7,0.25
usuario_nuevo,611,0,False,collaborative,10,2959,Fight Club (1999),False,20,7,0.25
usuario_nuevo,611,0,False,hybrid,1,356,Forrest Gump (1994),False,20,7,0.25
usuario_nuevo,611,0,False,hybrid,2,318,"Shawshank Redemption, The (1994)",False,20,7,0.25
usuario_nuevo,611,0,False,hybrid,3,296,Pulp Fiction (1994),False,20,7,0.25
usuario_nuevo,611,0,False,hybrid,4,2571,"Matrix, The (1999)",False,20,7,0.25
usuario_nuevo,611,0,False,hybrid,5,593,"Silence of the Lambs, The (1991)",False,20,7,0.25
usuario_nuevo,611,0,False,hybrid,6,260,Star Wars: Episode IV - A New Hope (1977),False,20,7,0.25
usuario_nuevo,611,0,False,hybrid,7,110,Braveheart (1995),False,20,7,0.25
usuario_nuevo,611,0,False,hybrid,8,480,Jurassic Park (1993),False,20,7,0.25
usuario_nuevo,611,0,False,hybrid,9,589,Terminator 2: Judgment Day (1991),False,20,7,0.25
usuario_nuevo,611,0,False,hybrid,10,2959,Fight Club (1999),False,20,7,0.25
historial_amplio,414,2697,True,popularity,1,1258,"Shining, The (1980)",False,20,7,0.5
historial_amplio,414,2697,True,popularity,2,8368,Harry Potter and the Prisoner of Azkaban (2004),False,20,7,0.5
historial_amplio,414,2697,True,popularity,3,19,Ace Ventura: When Nature Calls (1995),False,20,7,0.5
historial_amplio,414,2697,True,popularity,4,2324,Life Is Beautiful (La Vita è bella) (1997),False,20,7,0.5
historial_amplio,414,2697,True,popularity,5,410,Addams Family Values (1993),False,20,7,0.5
historial_amplio,414,2697,True,popularity,6,1219,Psycho (1960),False,20,7,0.5
historial_amplio,414,2697,True,popularity,7,317,"Santa Clause, The (1994)",False,20,7,0.5
historial_amplio,414,2697,True,popularity,8,520,Robin Hood: Men in Tights (1993),False,20,7,0.5
historial_amplio,414,2697,True,popularity,9,74458,Shutter Island (2010),False,20,7,0.5
historial_amplio,414,2697,True,popularity,10,48385,Borat: Cultural Learnings of America for Make Benefit Glorious Nation of Kazakhstan (2006),False,20,7,0.5
historial_amplio,414,2697,True,content,1,92259,Intouchables (2011),False,20,7,0.5
historial_amplio,414,2697,True,content,2,272,"Madness of King George, The (1994)",False,20,7,0.5
historial_amplio,414,2697,True,content,3,2431,Patch Adams (1998),False,20,7,0.5
historial_amplio,414,2697,True,content,4,2352,"Big Chill, The (1983)",False,20,7,0.5
historial_amplio,414,2697,True,content,5,1958,Terms of Endearment (1983),False,20,7,0.5
historial_amplio,414,2697,True,content,6,34437,Broken Flowers (2005),False,20,7,0.5
historial_amplio,414,2697,True,content,7,1292,Being There (1979),False,20,7,0.5
historial_amplio,414,2697,True,content,8,371,"Paper, The (1994)",False,20,7,0.5
historial_amplio,414,2697,True,content,9,194,Smoke (1995),False,20,7,0.5
historial_amplio,414,2697,True,content,10,65230,Marley & Me (2008),False,20,7,0.5
historial_amplio,414,2697,True,collaborative,1,2324,Life Is Beautiful (La Vita è bella) (1997),False,20,7,0.5
historial_amplio,414,2697,True,collaborative,2,1203,12 Angry Men (1957),False,20,7,0.5
historial_amplio,414,2697,True,collaborative,3,1230,Annie Hall (1977),False,20,7,0.5
historial_amplio,414,2697,True,collaborative,4,1219,Psycho (1960),False,20,7,0.5
historial_amplio,414,2697,True,collaborative,5,1258,"Shining, The (1980)",False,20,7,0.5
historial_amplio,414,2697,True,collaborative,6,922,Sunset Blvd. (a.k.a. Sunset Boulevard) (1950),False,20,7,0.5
historial_amplio,414,2697,True,collaborative,7,246,Hoop Dreams (1994),False,20,7,0.5
historial_amplio,414,2697,True,collaborative,8,74458,Shutter Island (2010),False,20,7,0.5
historial_amplio,414,2697,True,collaborative,9,898,"Philadelphia Story, The (1940)",False,20,7,0.5
historial_amplio,414,2697,True,collaborative,10,1244,Manhattan (1979),False,20,7,0.5
historial_amplio,414,2697,True,hybrid,1,2324,Life Is Beautiful (La Vita è bella) (1997),False,20,7,0.5
historial_amplio,414,2697,True,hybrid,2,1203,12 Angry Men (1957),False,20,7,0.5
historial_amplio,414,2697,True,hybrid,3,898,"Philadelphia Story, The (1940)",False,20,7,0.5
historial_amplio,414,2697,True,hybrid,4,1244,Manhattan (1979),False,20,7,0.5
historial_amplio,414,2697,True,hybrid,5,92259,Intouchables (2011),False,20,7,0.5
historial_amplio,414,2697,True,hybrid,6,954,Mr. Smith Goes to Washington (1939),False,20,7,0.5
historial_amplio,414,2697,True,hybrid,7,1230,Annie Hall (1977),False,20,7,0.5
historial_amplio,414,2697,True,hybrid,8,3468,"Hustler, The (1961)",False,20,7,0.5
historial_amplio,414,2697,True,hybrid,9,914,My Fair Lady (1964),False,20,7,0.5
historial_amplio,414,2697,True,hybrid,10,926,All About Eve (1950),False,20,7,0.5
historial_pequeno,53,19,True,popularity,1,356,Forrest Gump (1994),False,20,7,0.5
historial_pequeno,53,19,True,popularity,2,318,"Shawshank Redemption, The (1994)",False,20,7,0.5
historial_pequeno,53,19,True,popularity,3,296,Pulp Fiction (1994),False,20,7,0.5
historial_pequeno,53,19,True,popularity,4,2571,"Matrix, The (1999)",False,20,7,0.5
historial_pequeno,53,19,True,popularity,5,593,"Silence of the Lambs, The (1991)",False,20,7,0.5
historial_pequeno,53,19,True,popularity,6,260,Star Wars: Episode IV - A New Hope (1977),False,20,7,0.5
historial_pequeno,53,19,True,popularity,7,110,Braveheart (1995),False,20,7,0.5
historial_pequeno,53,19,True,popularity,8,480,Jurassic Park (1993),False,20,7,0.5
historial_pequeno,53,19,True,popularity,9,589,Terminator 2: Judgment Day (1991),False,20,7,0.5
historial_pequeno,53,19,True,popularity,10,2959,Fight Club (1999),False,20,7,0.5
historial_pequeno,53,19,True,content,1,72142,Love Exposure (Ai No Mukidashi) (2008),False,20,7,0.5
historial_pequeno,53,19,True,content,2,539,Sleepless in Seattle (1993),False,20,7,0.5
historial_pequeno,53,19,True,content,3,1784,As Good as It Gets (1997),False,20,7,0.5
historial_pequeno,53,19,True,content,4,2396,Shakespeare in Love (1998),False,20,7,0.5
historial_pequeno,53,19,True,content,5,1247,"Graduate, The (1967)",False,20,7,0.5
historial_pequeno,53,19,True,content,6,3481,High Fidelity (2000),False,20,7,0.5
historial_pequeno,53,19,True,content,7,6711,Lost in Translation (2003),False,20,7,0.5
historial_pequeno,53,19,True,content,8,11,"American President, The (1995)",False,20,7,0.5
historial_pequeno,53,19,True,content,9,56367,Juno (2007),False,20,7,0.5
historial_pequeno,53,19,True,content,10,4246,Bridget Jones's Diary (2001),False,20,7,0.5
historial_pequeno,53,19,True,collaborative,1,15,Cutthroat Island (1995),False,20,7,0.5
historial_pequeno,53,19,True,collaborative,2,1732,"Big Lebowski, The (1998)",False,20,7,0.5
historial_pequeno,53,19,True,collaborative,3,2373,Red Sonja (1985),False,20,7,0.5
historial_pequeno,53,19,True,collaborative,4,2806,Teaching Mrs. Tingle (1999),False,20,7,0.5
historial_pequeno,53,19,True,collaborative,5,252,I.Q. (1994),False,20,7,0.5
historial_pequeno,53,19,True,collaborative,6,1342,Candyman (1992),False,20,7,0.5
historial_pequeno,53,19,True,collaborative,7,3268,Stop! Or My Mom Will Shoot (1992),False,20,7,0.5
historial_pequeno,53,19,True,collaborative,8,4506,Frantic (1988),False,20,7,0.5
historial_pequeno,53,19,True,collaborative,9,3511,Ready to Rumble (2000),False,20,7,0.5
historial_pequeno,53,19,True,collaborative,10,2456,"Fly II, The (1989)",False,20,7,0.5
historial_pequeno,53,19,True,hybrid,1,15,Cutthroat Island (1995),False,20,7,0.5
historial_pequeno,53,19,True,hybrid,2,1732,"Big Lebowski, The (1998)",False,20,7,0.5
historial_pequeno,53,19,True,hybrid,3,252,I.Q. (1994),False,20,7,0.5
historial_pequeno,53,19,True,hybrid,4,2431,Patch Adams (1998),False,20,7,0.5
historial_pequeno,53,19,True,hybrid,5,2806,Teaching Mrs. Tingle (1999),False,20,7,0.5
historial_pequeno,53,19,True,hybrid,6,3268,Stop! Or My Mom Will Shoot (1992),False,20,7,0.5
historial_pequeno,53,19,True,hybrid,7,4228,Heartbreakers (2001),False,20,7,0.5
historial_pequeno,53,19,True,hybrid,8,5945,About Schmidt (2002),False,20,7,0.5
historial_pequeno,53,19,True,hybrid,9,72,Kicking and Screaming (1995),False,20,7,0.5
historial_pequeno,53,19,True,hybrid,10,1912,Out of Sight (1998),False,20,7,0.5
usuario_nuevo,611,0,False,popularity,1,356,Forrest Gump (1994),False,20,7,0.5
usuario_nuevo,611,0,False,popularity,2,318,"Shawshank Redemption, The (1994)",False,20,7,0.5
usuario_nuevo,611,0,False,popularity,3,296,Pulp Fiction (1994),False,20,7,0.5
usuario_nuevo,611,0,False,popularity,4,2571,"Matrix, The (1999)",False,20,7,0.5
usuario_nuevo,611,0,False,popularity,5,593,"Silence of the Lambs, The (1991)",False,20,7,0.5
usuario_nuevo,611,0,False,popularity,6,260,Star Wars: Episode IV - A New Hope (1977),False,20,7,0.5
usuario_nuevo,611,0,False,popularity,7,110,Braveheart (1995),False,20,7,0.5
usuario_nuevo,611,0,False,popularity,8,480,Jurassic Park (1993),False,20,7,0.5
usuario_nuevo,611,0,False,popularity,9,589,Terminator 2: Judgment Day (1991),False,20,7,0.5
usuario_nuevo,611,0,False,popularity,10,2959,Fight Club (1999),False,20,7,0.5
usuario_nuevo,611,0,False,content,1,356,Forrest Gump (1994),False,20,7,0.5
usuario_nuevo,611,0,False,content,2,318,"Shawshank Redemption, The (1994)",False,20,7,0.5
usuario_nuevo,611,0,False,content,3,296,Pulp Fiction (1994),False,20,7,0.5
usuario_nuevo,611,0,False,content,4,2571,"Matrix, The (1999)",False,20,7,0.5
usuario_nuevo,611,0,False,content,5,593,"Silence of the Lambs, The (1991)",False,20,7,0.5
usuario_nuevo,611,0,False,content,6,260,Star Wars: Episode IV - A New Hope (1977),False,20,7,0.5
usuario_nuevo,611,0,False,content,7,110,Braveheart (1995),False,20,7,0.5
usuario_nuevo,611,0,False,content,8,480,Jurassic Park (1993),False,20,7,0.5
usuario_nuevo,611,0,False,content,9,589,Terminator 2: Judgment Day (1991),False,20,7,0.5
usuario_nuevo,611,0,False,content,10,2959,Fight Club (1999),False,20,7,0.5
usuario_nuevo,611,0,False,collaborative,1,356,Forrest Gump (1994),False,20,7,0.5
usuario_nuevo,611,0,False,collaborative,2,318,"Shawshank Redemption, The (1994)",False,20,7,0.5
usuario_nuevo,611,0,False,collaborative,3,296,Pulp Fiction (1994),False,20,7,0.5
usuario_nuevo,611,0,False,collaborative,4,2571,"Matrix, The (1999)",False,20,7,0.5
usuario_nuevo,611,0,False,collaborative,5,593,"Silence of the Lambs, The (1991)",False,20,7,0.5
usuario_nuevo,611,0,False,collaborative,6,260,Star Wars: Episode IV - A New Hope (1977),False,20,7,0.5
usuario_nuevo,611,0,False,collaborative,7,110,Braveheart (1995),False,20,7,0.5
usuario_nuevo,611,0,False,collaborative,8,480,Jurassic Park (1993),False,20,7,0.5
usuario_nuevo,611,0,False,collaborative,9,589,Terminator 2: Judgment Day (1991),False,20,7,0.5
usuario_nuevo,611,0,False,collaborative,10,2959,Fight Club (1999),False,20,7,0.5
usuario_nuevo,611,0,False,hybrid,1,356,Forrest Gump (1994),False,20,7,0.5
usuario_nuevo,611,0,False,hybrid,2,318,"Shawshank Redemption, The (1994)",False,20,7,0.5
usuario_nuevo,611,0,False,hybrid,3,296,Pulp Fiction (1994),False,20,7,0.5
usuario_nuevo,611,0,False,hybrid,4,2571,"Matrix, The (1999)",False,20,7,0.5
usuario_nuevo,611,0,False,hybrid,5,593,"Silence of the Lambs, The (1991)",False,20,7,0.5
usuario_nuevo,611,0,False,hybrid,6,260,Star Wars: Episode IV - A New Hope (1977),False,20,7,0.5
usuario_nuevo,611,0,False,hybrid,7,110,Braveheart (1995),False,20,7,0.5
usuario_nuevo,611,0,False,hybrid,8,480,Jurassic Park (1993),False,20,7,0.5
usuario_nuevo,611,0,False,hybrid,9,589,Terminator 2: Judgment Day (1991),False,20,7,0.5
usuario_nuevo,611,0,False,hybrid,10,2959,Fight Club (1999),False,20,7,0.5
historial_amplio,414,2697,True,popularity,1,1258,"Shining, The (1980)",False,20,7,0.75
historial_amplio,414,2697,True,popularity,2,8368,Harry Potter and the Prisoner of Azkaban (2004),False,20,7,0.75
historial_amplio,414,2697,True,popularity,3,19,Ace Ventura: When Nature Calls (1995),False,20,7,0.75
historial_amplio,414,2697,True,popularity,4,2324,Life Is Beautiful (La Vita è bella) (1997),False,20,7,0.75
historial_amplio,414,2697,True,popularity,5,410,Addams Family Values (1993),False,20,7,0.75
historial_amplio,414,2697,True,popularity,6,1219,Psycho (1960),False,20,7,0.75
historial_amplio,414,2697,True,popularity,7,317,"Santa Clause, The (1994)",False,20,7,0.75
historial_amplio,414,2697,True,popularity,8,520,Robin Hood: Men in Tights (1993),False,20,7,0.75
historial_amplio,414,2697,True,popularity,9,74458,Shutter Island (2010),False,20,7,0.75
historial_amplio,414,2697,True,popularity,10,48385,Borat: Cultural Learnings of America for Make Benefit Glorious Nation of Kazakhstan (2006),False,20,7,0.75
historial_amplio,414,2697,True,content,1,92259,Intouchables (2011),False,20,7,0.75
historial_amplio,414,2697,True,content,2,272,"Madness of King George, The (1994)",False,20,7,0.75
historial_amplio,414,2697,True,content,3,2431,Patch Adams (1998),False,20,7,0.75
historial_amplio,414,2697,True,content,4,2352,"Big Chill, The (1983)",False,20,7,0.75
historial_amplio,414,2697,True,content,5,1958,Terms of Endearment (1983),False,20,7,0.75
historial_amplio,414,2697,True,content,6,34437,Broken Flowers (2005),False,20,7,0.75
historial_amplio,414,2697,True,content,7,1292,Being There (1979),False,20,7,0.75
historial_amplio,414,2697,True,content,8,371,"Paper, The (1994)",False,20,7,0.75
historial_amplio,414,2697,True,content,9,194,Smoke (1995),False,20,7,0.75
historial_amplio,414,2697,True,content,10,65230,Marley & Me (2008),False,20,7,0.75
historial_amplio,414,2697,True,collaborative,1,2324,Life Is Beautiful (La Vita è bella) (1997),False,20,7,0.75
historial_amplio,414,2697,True,collaborative,2,1203,12 Angry Men (1957),False,20,7,0.75
historial_amplio,414,2697,True,collaborative,3,1230,Annie Hall (1977),False,20,7,0.75
historial_amplio,414,2697,True,collaborative,4,1219,Psycho (1960),False,20,7,0.75
historial_amplio,414,2697,True,collaborative,5,1258,"Shining, The (1980)",False,20,7,0.75
historial_amplio,414,2697,True,collaborative,6,922,Sunset Blvd. (a.k.a. Sunset Boulevard) (1950),False,20,7,0.75
historial_amplio,414,2697,True,collaborative,7,246,Hoop Dreams (1994),False,20,7,0.75
historial_amplio,414,2697,True,collaborative,8,74458,Shutter Island (2010),False,20,7,0.75
historial_amplio,414,2697,True,collaborative,9,898,"Philadelphia Story, The (1940)",False,20,7,0.75
historial_amplio,414,2697,True,collaborative,10,1244,Manhattan (1979),False,20,7,0.75
historial_amplio,414,2697,True,hybrid,1,2324,Life Is Beautiful (La Vita è bella) (1997),False,20,7,0.75
historial_amplio,414,2697,True,hybrid,2,1203,12 Angry Men (1957),False,20,7,0.75
historial_amplio,414,2697,True,hybrid,3,1230,Annie Hall (1977),False,20,7,0.75
historial_amplio,414,2697,True,hybrid,4,898,"Philadelphia Story, The (1940)",False,20,7,0.75
historial_amplio,414,2697,True,hybrid,5,1244,Manhattan (1979),False,20,7,0.75
historial_amplio,414,2697,True,hybrid,6,92259,Intouchables (2011),False,20,7,0.75
historial_amplio,414,2697,True,hybrid,7,954,Mr. Smith Goes to Washington (1939),False,20,7,0.75
historial_amplio,414,2697,True,hybrid,8,74458,Shutter Island (2010),False,20,7,0.75
historial_amplio,414,2697,True,hybrid,9,914,My Fair Lady (1964),False,20,7,0.75
historial_amplio,414,2697,True,hybrid,10,1219,Psycho (1960),False,20,7,0.75
historial_pequeno,53,19,True,popularity,1,356,Forrest Gump (1994),False,20,7,0.75
historial_pequeno,53,19,True,popularity,2,318,"Shawshank Redemption, The (1994)",False,20,7,0.75
historial_pequeno,53,19,True,popularity,3,296,Pulp Fiction (1994),False,20,7,0.75
historial_pequeno,53,19,True,popularity,4,2571,"Matrix, The (1999)",False,20,7,0.75
historial_pequeno,53,19,True,popularity,5,593,"Silence of the Lambs, The (1991)",False,20,7,0.75
historial_pequeno,53,19,True,popularity,6,260,Star Wars: Episode IV - A New Hope (1977),False,20,7,0.75
historial_pequeno,53,19,True,popularity,7,110,Braveheart (1995),False,20,7,0.75
historial_pequeno,53,19,True,popularity,8,480,Jurassic Park (1993),False,20,7,0.75
historial_pequeno,53,19,True,popularity,9,589,Terminator 2: Judgment Day (1991),False,20,7,0.75
historial_pequeno,53,19,True,popularity,10,2959,Fight Club (1999),False,20,7,0.75
historial_pequeno,53,19,True,content,1,72142,Love Exposure (Ai No Mukidashi) (2008),False,20,7,0.75
historial_pequeno,53,19,True,content,2,539,Sleepless in Seattle (1993),False,20,7,0.75
historial_pequeno,53,19,True,content,3,1784,As Good as It Gets (1997),False,20,7,0.75
historial_pequeno,53,19,True,content,4,2396,Shakespeare in Love (1998),False,20,7,0.75
historial_pequeno,53,19,True,content,5,1247,"Graduate, The (1967)",False,20,7,0.75
historial_pequeno,53,19,True,content,6,3481,High Fidelity (2000),False,20,7,0.75
historial_pequeno,53,19,True,content,7,6711,Lost in Translation (2003),False,20,7,0.75
historial_pequeno,53,19,True,content,8,11,"American President, The (1995)",False,20,7,0.75
historial_pequeno,53,19,True,content,9,56367,Juno (2007),False,20,7,0.75
historial_pequeno,53,19,True,content,10,4246,Bridget Jones's Diary (2001),False,20,7,0.75
historial_pequeno,53,19,True,collaborative,1,15,Cutthroat Island (1995),False,20,7,0.75
historial_pequeno,53,19,True,collaborative,2,1732,"Big Lebowski, The (1998)",False,20,7,0.75
historial_pequeno,53,19,True,collaborative,3,2373,Red Sonja (1985),False,20,7,0.75
historial_pequeno,53,19,True,collaborative,4,2806,Teaching Mrs. Tingle (1999),False,20,7,0.75
historial_pequeno,53,19,True,collaborative,5,252,I.Q. (1994),False,20,7,0.75
historial_pequeno,53,19,True,collaborative,6,1342,Candyman (1992),False,20,7,0.75
historial_pequeno,53,19,True,collaborative,7,3268,Stop! Or My Mom Will Shoot (1992),False,20,7,0.75
historial_pequeno,53,19,True,collaborative,8,4506,Frantic (1988),False,20,7,0.75
historial_pequeno,53,19,True,collaborative,9,3511,Ready to Rumble (2000),False,20,7,0.75
historial_pequeno,53,19,True,collaborative,10,2456,"Fly II, The (1989)",False,20,7,0.75
historial_pequeno,53,19,True,hybrid,1,15,Cutthroat Island (1995),False,20,7,0.75
historial_pequeno,53,19,True,hybrid,2,1732,"Big Lebowski, The (1998)",False,20,7,0.75
historial_pequeno,53,19,True,hybrid,3,252,I.Q. (1994),False,20,7,0.75
historial_pequeno,53,19,True,hybrid,4,2806,Teaching Mrs. Tingle (1999),False,20,7,0.75
historial_pequeno,53,19,True,hybrid,5,2373,Red Sonja (1985),False,20,7,0.75
historial_pequeno,53,19,True,hybrid,6,3268,Stop! Or My Mom Will Shoot (1992),False,20,7,0.75
historial_pequeno,53,19,True,hybrid,7,3511,Ready to Rumble (2000),False,20,7,0.75
historial_pequeno,53,19,True,hybrid,8,1342,Candyman (1992),False,20,7,0.75
historial_pequeno,53,19,True,hybrid,9,4228,Heartbreakers (2001),False,20,7,0.75
historial_pequeno,53,19,True,hybrid,10,2058,"Negotiator, The (1998)",False,20,7,0.75
usuario_nuevo,611,0,False,popularity,1,356,Forrest Gump (1994),False,20,7,0.75
usuario_nuevo,611,0,False,popularity,2,318,"Shawshank Redemption, The (1994)",False,20,7,0.75
usuario_nuevo,611,0,False,popularity,3,296,Pulp Fiction (1994),False,20,7,0.75
usuario_nuevo,611,0,False,popularity,4,2571,"Matrix, The (1999)",False,20,7,0.75
usuario_nuevo,611,0,False,popularity,5,593,"Silence of the Lambs, The (1991)",False,20,7,0.75
usuario_nuevo,611,0,False,popularity,6,260,Star Wars: Episode IV - A New Hope (1977),False,20,7,0.75
usuario_nuevo,611,0,False,popularity,7,110,Braveheart (1995),False,20,7,0.75
usuario_nuevo,611,0,False,popularity,8,480,Jurassic Park (1993),False,20,7,0.75
usuario_nuevo,611,0,False,popularity,9,589,Terminator 2: Judgment Day (1991),False,20,7,0.75
usuario_nuevo,611,0,False,popularity,10,2959,Fight Club (1999),False,20,7,0.75
usuario_nuevo,611,0,False,content,1,356,Forrest Gump (1994),False,20,7,0.75
usuario_nuevo,611,0,False,content,2,318,"Shawshank Redemption, The (1994)",False,20,7,0.75
usuario_nuevo,611,0,False,content,3,296,Pulp Fiction (1994),False,20,7,0.75
usuario_nuevo,611,0,False,content,4,2571,"Matrix, The (1999)",False,20,7,0.75
usuario_nuevo,611,0,False,content,5,593,"Silence of the Lambs, The (1991)",False,20,7,0.75
usuario_nuevo,611,0,False,content,6,260,Star Wars: Episode IV - A New Hope (1977),False,20,7,0.75
usuario_nuevo,611,0,False,content,7,110,Braveheart (1995),False,20,7,0.75
usuario_nuevo,611,0,False,content,8,480,Jurassic Park (1993),False,20,7,0.75
usuario_nuevo,611,0,False,content,9,589,Terminator 2: Judgment Day (1991),False,20,7,0.75
usuario_nuevo,611,0,False,content,10,2959,Fight Club (1999),False,20,7,0.75
usuario_nuevo,611,0,False,collaborative,1,356,Forrest Gump (1994),False,20,7,0.75
usuario_nuevo,611,0,False,collaborative,2,318,"Shawshank Redemption, The (1994)",False,20,7,0.75
usuario_nuevo,611,0,False,collaborative,3,296,Pulp Fiction (1994),False,20,7,0.75
usuario_nuevo,611,0,False,collaborative,4,2571,"Matrix, The (1999)",False,20,7,0.75
usuario_nuevo,611,0,False,collaborative,5,593,"Silence of the Lambs, The (1991)",False,20,7,0.75
usuario_nuevo,611,0,False,collaborative,6,260,Star Wars: Episode IV - A New Hope (1977),False,20,7,0.75
usuario_nuevo,611,0,False,collaborative,7,110,Braveheart (1995),False,20,7,0.75
usuario_nuevo,611,0,False,collaborative,8,480,Jurassic Park (1993),False,20,7,0.75
usuario_nuevo,611,0,False,collaborative,9,589,Terminator 2: Judgment Day (1991),False,20,7,0.75
usuario_nuevo,611,0,False,collaborative,10,2959,Fight Club (1999),False,20,7,0.75
usuario_nuevo,611,0,False,hybrid,1,356,Forrest Gump (1994),False,20,7,0.75
usuario_nuevo,611,0,False,hybrid,2,318,"Shawshank Redemption, The (1994)",False,20,7,0.75
usuario_nuevo,611,0,False,hybrid,3,296,Pulp Fiction (1994),False,20,7,0.75
usuario_nuevo,611,0,False,hybrid,4,2571,"Matrix, The (1999)",False,20,7,0.75
usuario_nuevo,611,0,False,hybrid,5,593,"Silence of the Lambs, The (1991)",False,20,7,0.75
usuario_nuevo,611,0,False,hybrid,6,260,Star Wars: Episode IV - A New Hope (1977),False,20,7,0.75
usuario_nuevo,611,0,False,hybrid,7,110,Braveheart (1995),False,20,7,0.75
usuario_nuevo,611,0,False,hybrid,8,480,Jurassic Park (1993),False,20,7,0.75
usuario_nuevo,611,0,False,hybrid,9,589,Terminator 2: Judgment Day (1991),False,20,7,0.75
usuario_nuevo,611,0,False,hybrid,10,2959,Fight Club (1999),False,20,7,0.75
historial_amplio,414,2697,True,popularity,1,1258,"Shining, The (1980)",False,20,123,0.25
historial_amplio,414,2697,True,popularity,2,8368,Harry Potter and the Prisoner of Azkaban (2004),False,20,123,0.25
historial_amplio,414,2697,True,popularity,3,19,Ace Ventura: When Nature Calls (1995),False,20,123,0.25
historial_amplio,414,2697,True,popularity,4,2324,Life Is Beautiful (La Vita è bella) (1997),False,20,123,0.25
historial_amplio,414,2697,True,popularity,5,410,Addams Family Values (1993),False,20,123,0.25
historial_amplio,414,2697,True,popularity,6,1219,Psycho (1960),False,20,123,0.25
historial_amplio,414,2697,True,popularity,7,317,"Santa Clause, The (1994)",False,20,123,0.25
historial_amplio,414,2697,True,popularity,8,520,Robin Hood: Men in Tights (1993),False,20,123,0.25
historial_amplio,414,2697,True,popularity,9,74458,Shutter Island (2010),False,20,123,0.25
historial_amplio,414,2697,True,popularity,10,48385,Borat: Cultural Learnings of America for Make Benefit Glorious Nation of Kazakhstan (2006),False,20,123,0.25
historial_amplio,414,2697,True,content,1,92259,Intouchables (2011),False,20,123,0.25
historial_amplio,414,2697,True,content,2,272,"Madness of King George, The (1994)",False,20,123,0.25
historial_amplio,414,2697,True,content,3,2431,Patch Adams (1998),False,20,123,0.25
historial_amplio,414,2697,True,content,4,2352,"Big Chill, The (1983)",False,20,123,0.25
historial_amplio,414,2697,True,content,5,1958,Terms of Endearment (1983),False,20,123,0.25
historial_amplio,414,2697,True,content,6,34437,Broken Flowers (2005),False,20,123,0.25
historial_amplio,414,2697,True,content,7,1292,Being There (1979),False,20,123,0.25
historial_amplio,414,2697,True,content,8,371,"Paper, The (1994)",False,20,123,0.25
historial_amplio,414,2697,True,content,9,194,Smoke (1995),False,20,123,0.25
historial_amplio,414,2697,True,content,10,65230,Marley & Me (2008),False,20,123,0.25
historial_amplio,414,2697,True,collaborative,1,2324,Life Is Beautiful (La Vita è bella) (1997),False,20,123,0.25
historial_amplio,414,2697,True,collaborative,2,1203,12 Angry Men (1957),False,20,123,0.25
historial_amplio,414,2697,True,collaborative,3,74458,Shutter Island (2010),False,20,123,0.25
historial_amplio,414,2697,True,collaborative,4,92259,Intouchables (2011),False,20,123,0.25
historial_amplio,414,2697,True,collaborative,5,246,Hoop Dreams (1994),False,20,123,0.25
historial_amplio,414,2697,True,collaborative,6,1219,Psycho (1960),False,20,123,0.25
historial_amplio,414,2697,True,collaborative,7,898,"Philadelphia Story, The (1940)",False,20,123,0.25
historial_amplio,414,2697,True,collaborative,8,1230,Annie Hall (1977),False,20,123,0.25
historial_amplio,414,2697,True,collaborative,9,1258,"Shining, The (1980)",False,20,123,0.25
historial_amplio,414,2697,True,collaborative,10,31658,Howl's Moving Castle (Hauru no ugoku shiro) (2004),False,20,123,0.25
historial_amplio,414,2697,True,hybrid,1,92259,Intouchables (2011),False,20,123,0.25
historial_amplio,414,2697,True,hybrid,2,1203,12 Angry Men (1957),False,20,123,0.25
historial_amplio,414,2697,True,hybrid,3,898,"Philadelphia Story, The (1940)",False,20,123,0.25
historial_amplio,414,2697,True,hybrid,4,1244,Manhattan (1979),False,20,123,0.25
historial_amplio,414,2697,True,hybrid,5,2324,Life Is Beautiful (La Vita è bella) (1997),False,20,123,0.25
historial_amplio,414,2697,True,hybrid,6,3462,Modern Times (1936),False,20,123,0.25
historial_amplio,414,2697,True,hybrid,7,3925,Stranger Than Paradise (1984),False,20,123,0.25
historial_amplio,414,2697,True,hybrid,8,272,"Madness of King George, The (1994)",False,20,123,0.25
historial_amplio,414,2697,True,hybrid,9,3200,"Last Detail, The (1973)",False,20,123,0.25
historial_amplio,414,2697,True,hybrid,10,58,"Postman, The (Postino, Il) (1994)",False,20,123,0.25
historial_pequeno,53,19,True,popularity,1,356,Forrest Gump (1994),False,20,123,0.25
historial_pequeno,53,19,True,popularity,2,318,"Shawshank Redemption, The (1994)",False,20,123,0.25
historial_pequeno,53,19,True,popularity,3,296,Pulp Fiction (1994),False,20,123,0.25
historial_pequeno,53,19,True,popularity,4,2571,"Matrix, The (1999)",False,20,123,0.25
historial_pequeno,53,19,True,popularity,5,593,"Silence of the Lambs, The (1991)",False,20,123,0.25
historial_pequeno,53,19,True,popularity,6,260,Star Wars: Episode IV - A New Hope (1977),False,20,123,0.25
historial_pequeno,53,19,True,popularity,7,110,Braveheart (1995),False,20,123,0.25
historial_pequeno,53,19,True,popularity,8,480,Jurassic Park (1993),False,20,123,0.25
historial_pequeno,53,19,True,popularity,9,589,Terminator 2: Judgment Day (1991),False,20,123,0.25
historial_pequeno,53,19,True,popularity,10,2959,Fight Club (1999),False,20,123,0.25
historial_pequeno,53,19,True,content,1,72142,Love Exposure (Ai No Mukidashi) (2008),False,20,123,0.25
historial_pequeno,53,19,True,content,2,539,Sleepless in Seattle (1993),False,20,123,0.25
historial_pequeno,53,19,True,content,3,1784,As Good as It Gets (1997),False,20,123,0.25
historial_pequeno,53,19,True,content,4,2396,Shakespeare in Love (1998),False,20,123,0.25
historial_pequeno,53,19,True,content,5,1247,"Graduate, The (1967)",False,20,123,0.25
historial_pequeno,53,19,True,content,6,3481,High Fidelity (2000),False,20,123,0.25
historial_pequeno,53,19,True,content,7,6711,Lost in Translation (2003),False,20,123,0.25
historial_pequeno,53,19,True,content,8,11,"American President, The (1995)",False,20,123,0.25
historial_pequeno,53,19,True,content,9,56367,Juno (2007),False,20,123,0.25
historial_pequeno,53,19,True,content,10,4246,Bridget Jones's Diary (2001),False,20,123,0.25
historial_pequeno,53,19,True,collaborative,1,355,"Flintstones, The (1994)",False,20,123,0.25
historial_pequeno,53,19,True,collaborative,2,43919,Date Movie (2006),False,20,123,0.25
historial_pequeno,53,19,True,collaborative,3,3354,Mission to Mars (2000),False,20,123,0.25
historial_pequeno,53,19,True,collaborative,4,26629,Killer Klowns from Outer Space (1988),False,20,123,0.25
historial_pequeno,53,19,True,collaborative,5,434,Cliffhanger (1993),False,20,123,0.25
historial_pequeno,53,19,True,collaborative,6,1499,Anaconda (1997),False,20,123,0.25
historial_pequeno,53,19,True,collaborative,7,2471,Crocodile Dundee II (1988),False,20,123,0.25
historial_pequeno,53,19,True,collaborative,8,4132,Mannequin (1987),False,20,123,0.25
historial_pequeno,53,19,True,collaborative,9,6625,Camp Nowhere (1994),False,20,123,0.25
historial_pequeno,53,19,True,collaborative,10,2421,"Karate Kid, Part II, The (1986)",False,20,123,0.25
historial_pequeno,53,19,True,hybrid,1,2369,Desperately Seeking Susan (1985),False,20,123,0.25
historial_pequeno,53,19,True,hybrid,2,5074,Storytelling (2001),False,20,123,0.25
historial_pequeno,53,19,True,hybrid,3,372,Reality Bites (1994),False,20,123,0.25
historial_pequeno,53,19,True,hybrid,4,3912,Beautiful (2000),False,20,123,0.25
historial_pequeno,53,19,True,hybrid,5,43919,Date Movie (2006),False,20,123,0.25
historial_pequeno,53,19,True,hybrid,6,852,Tin Cup (1996),False,20,123,0.25
historial_pequeno,53,19,True,hybrid,7,1648,"House of Yes, The (1997)",False,20,123,0.25
historial_pequeno,53,19,True,hybrid,8,133281,Ricki and the Flash (2015),False,20,123,0.25
historial_pequeno,53,19,True,hybrid,9,4132,Mannequin (1987),False,20,123,0.25
historial_pequeno,53,19,True,hybrid,10,168,First Knight (1995),False,20,123,0.25
usuario_nuevo,611,0,False,popularity,1,356,Forrest Gump (1994),False,20,123,0.25
usuario_nuevo,611,0,False,popularity,2,318,"Shawshank Redemption, The (1994)",False,20,123,0.25
usuario_nuevo,611,0,False,popularity,3,296,Pulp Fiction (1994),False,20,123,0.25
usuario_nuevo,611,0,False,popularity,4,2571,"Matrix, The (1999)",False,20,123,0.25
usuario_nuevo,611,0,False,popularity,5,593,"Silence of the Lambs, The (1991)",False,20,123,0.25
usuario_nuevo,611,0,False,popularity,6,260,Star Wars: Episode IV - A New Hope (1977),False,20,123,0.25
usuario_nuevo,611,0,False,popularity,7,110,Braveheart (1995),False,20,123,0.25
usuario_nuevo,611,0,False,popularity,8,480,Jurassic Park (1993),False,20,123,0.25
usuario_nuevo,611,0,False,popularity,9,589,Terminator 2: Judgment Day (1991),False,20,123,0.25
usuario_nuevo,611,0,False,popularity,10,2959,Fight Club (1999),False,20,123,0.25
usuario_nuevo,611,0,False,content,1,356,Forrest Gump (1994),False,20,123,0.25
usuario_nuevo,611,0,False,content,2,318,"Shawshank Redemption, The (1994)",False,20,123,0.25
usuario_nuevo,611,0,False,content,3,296,Pulp Fiction (1994),False,20,123,0.25
usuario_nuevo,611,0,False,content,4,2571,"Matrix, The (1999)",False,20,123,0.25
usuario_nuevo,611,0,False,content,5,593,"Silence of the Lambs, The (1991)",False,20,123,0.25
usuario_nuevo,611,0,False,content,6,260,Star Wars: Episode IV - A New Hope (1977),False,20,123,0.25
usuario_nuevo,611,0,False,content,7,110,Braveheart (1995),False,20,123,0.25
usuario_nuevo,611,0,False,content,8,480,Jurassic Park (1993),False,20,123,0.25
usuario_nuevo,611,0,False,content,9,589,Terminator 2: Judgment Day (1991),False,20,123,0.25
usuario_nuevo,611,0,False,content,10,2959,Fight Club (1999),False,20,123,0.25
usuario_nuevo,611,0,False,collaborative,1,356,Forrest Gump (1994),False,20,123,0.25
usuario_nuevo,611,0,False,collaborative,2,318,"Shawshank Redemption, The (1994)",False,20,123,0.25
usuario_nuevo,611,0,False,collaborative,3,296,Pulp Fiction (1994),False,20,123,0.25
usuario_nuevo,611,0,False,collaborative,4,2571,"Matrix, The (1999)",False,20,123,0.25
usuario_nuevo,611,0,False,collaborative,5,593,"Silence of the Lambs, The (1991)",False,20,123,0.25
usuario_nuevo,611,0,False,collaborative,6,260,Star Wars: Episode IV - A New Hope (1977),False,20,123,0.25
usuario_nuevo,611,0,False,collaborative,7,110,Braveheart (1995),False,20,123,0.25
usuario_nuevo,611,0,False,collaborative,8,480,Jurassic Park (1993),False,20,123,0.25
usuario_nuevo,611,0,False,collaborative,9,589,Terminator 2: Judgment Day (1991),False,20,123,0.25
usuario_nuevo,611,0,False,collaborative,10,2959,Fight Club (1999),False,20,123,0.25
usuario_nuevo,611,0,False,hybrid,1,356,Forrest Gump (1994),False,20,123,0.25
usuario_nuevo,611,0,False,hybrid,2,318,"Shawshank Redemption, The (1994)",False,20,123,0.25
usuario_nuevo,611,0,False,hybrid,3,296,Pulp Fiction (1994),False,20,123,0.25
usuario_nuevo,611,0,False,hybrid,4,2571,"Matrix, The (1999)",False,20,123,0.25
usuario_nuevo,611,0,False,hybrid,5,593,"Silence of the Lambs, The (1991)",False,20,123,0.25
usuario_nuevo,611,0,False,hybrid,6,260,Star Wars: Episode IV - A New Hope (1977),False,20,123,0.25
usuario_nuevo,611,0,False,hybrid,7,110,Braveheart (1995),False,20,123,0.25
usuario_nuevo,611,0,False,hybrid,8,480,Jurassic Park (1993),False,20,123,0.25
usuario_nuevo,611,0,False,hybrid,9,589,Terminator 2: Judgment Day (1991),False,20,123,0.25
usuario_nuevo,611,0,False,hybrid,10,2959,Fight Club (1999),False,20,123,0.25
historial_amplio,414,2697,True,popularity,1,1258,"Shining, The (1980)",False,20,123,0.5
historial_amplio,414,2697,True,popularity,2,8368,Harry Potter and the Prisoner of Azkaban (2004),False,20,123,0.5
historial_amplio,414,2697,True,popularity,3,19,Ace Ventura: When Nature Calls (1995),False,20,123,0.5
historial_amplio,414,2697,True,popularity,4,2324,Life Is Beautiful (La Vita è bella) (1997),False,20,123,0.5
historial_amplio,414,2697,True,popularity,5,410,Addams Family Values (1993),False,20,123,0.5
historial_amplio,414,2697,True,popularity,6,1219,Psycho (1960),False,20,123,0.5
historial_amplio,414,2697,True,popularity,7,317,"Santa Clause, The (1994)",False,20,123,0.5
historial_amplio,414,2697,True,popularity,8,520,Robin Hood: Men in Tights (1993),False,20,123,0.5
historial_amplio,414,2697,True,popularity,9,74458,Shutter Island (2010),False,20,123,0.5
historial_amplio,414,2697,True,popularity,10,48385,Borat: Cultural Learnings of America for Make Benefit Glorious Nation of Kazakhstan (2006),False,20,123,0.5
historial_amplio,414,2697,True,content,1,92259,Intouchables (2011),False,20,123,0.5
historial_amplio,414,2697,True,content,2,272,"Madness of King George, The (1994)",False,20,123,0.5
historial_amplio,414,2697,True,content,3,2431,Patch Adams (1998),False,20,123,0.5
historial_amplio,414,2697,True,content,4,2352,"Big Chill, The (1983)",False,20,123,0.5
historial_amplio,414,2697,True,content,5,1958,Terms of Endearment (1983),False,20,123,0.5
historial_amplio,414,2697,True,content,6,34437,Broken Flowers (2005),False,20,123,0.5
historial_amplio,414,2697,True,content,7,1292,Being There (1979),False,20,123,0.5
historial_amplio,414,2697,True,content,8,371,"Paper, The (1994)",False,20,123,0.5
historial_amplio,414,2697,True,content,9,194,Smoke (1995),False,20,123,0.5
historial_amplio,414,2697,True,content,10,65230,Marley & Me (2008),False,20,123,0.5
historial_amplio,414,2697,True,collaborative,1,2324,Life Is Beautiful (La Vita è bella) (1997),False,20,123,0.5
historial_amplio,414,2697,True,collaborative,2,1203,12 Angry Men (1957),False,20,123,0.5
historial_amplio,414,2697,True,collaborative,3,74458,Shutter Island (2010),False,20,123,0.5
historial_amplio,414,2697,True,collaborative,4,92259,Intouchables (2011),False,20,123,0.5
historial_amplio,414,2697,True,collaborative,5,246,Hoop Dreams (1994),False,20,123,0.5
historial_amplio,414,2697,True,collaborative,6,1219,Psycho (1960),False,20,123,0.5
historial_amplio,414,2697,True,collaborative,7,898,"Philadelphia Story, The (1940)",False,20,123,0.5
historial_amplio,414,2697,True,collaborative,8,1230,Annie Hall (1977),False,20,123,0.5
historial_amplio,414,2697,True,collaborative,9,1258,"Shining, The (1980)",False,20,123,0.5
historial_amplio,414,2697,True,collaborative,10,31658,Howl's Moving Castle (Hauru no ugoku shiro) (2004),False,20,123,0.5
historial_amplio,414,2697,True,hybrid,1,1203,12 Angry Men (1957),False,20,123,0.5
historial_amplio,414,2697,True,hybrid,2,2324,Life Is Beautiful (La Vita è bella) (1997),False,20,123,0.5
historial_amplio,414,2697,True,hybrid,3,92259,Intouchables (2011),False,20,123,0.5
historial_amplio,414,2697,True,hybrid,4,898,"Philadelphia Story, The (1940)",False,20,123,0.5
historial_amplio,414,2697,True,hybrid,5,1244,Manhattan (1979),False,20,123,0.5
historial_amplio,414,2697,True,hybrid,6,74458,Shutter Island (2010),False,20,123,0.5
historial_amplio,414,2697,True,hybrid,7,3462,Modern Times (1936),False,20,123,0.5
historial_amplio,414,2697,True,hybrid,8,3468,"Hustler, The (1961)",False,20,123,0.5
historial_amplio,414,2697,True,hybrid,9,44555,"Lives of Others, The (Das leben der Anderen) (2006)",False,20,123,0.5
historial_amplio,414,2697,True,hybrid,10,1230,Annie Hall (1977),False,20,123,0.5
historial_pequeno,53,19,True,popularity,1,356,Forrest Gump (1994),False,20,123,0.5
historial_pequeno,53,19,True,popularity,2,318,"Shawshank Redemption, The (1994)",False,20,123,0.5
historial_pequeno,53,19,True,popularity,3,296,Pulp Fiction (1994),False,20,123,0.5
historial_pequeno,53,19,True,popularity,4,2571,"Matrix, The (1999)",False,20,123,0.5
historial_pequeno,53,19,True,popularity,5,593,"Silence of the Lambs, The (1991)",False,20,123,0.5
historial_pequeno,53,19,True,popularity,6,260,Star Wars: Episode IV - A New Hope (1977),False,20,123,0.5
historial_pequeno,53,19,True,popularity,7,110,Braveheart (1995),False,20,123,0.5
historial_pequeno,53,19,True,popularity,8,480,Jurassic Park (1993),False,20,123,0.5
historial_pequeno,53,19,True,popularity,9,589,Terminator 2: Judgment Day (1991),False,20,123,0.5
historial_pequeno,53,19,True,popularity,10,2959,Fight Club (1999),False,20,123,0.5
historial_pequeno,53,19,True,content,1,72142,Love Exposure (Ai No Mukidashi) (2008),False,20,123,0.5
historial_pequeno,53,19,True,content,2,539,Sleepless in Seattle (1993),False,20,123,0.5
historial_pequeno,53,19,True,content,3,1784,As Good as It Gets (1997),False,20,123,0.5
historial_pequeno,53,19,True,content,4,2396,Shakespeare in Love (1998),False,20,123,0.5
historial_pequeno,53,19,True,content,5,1247,"Graduate, The (1967)",False,20,123,0.5
historial_pequeno,53,19,True,content,6,3481,High Fidelity (2000),False,20,123,0.5
historial_pequeno,53,19,True,content,7,6711,Lost in Translation (2003),False,20,123,0.5
historial_pequeno,53,19,True,content,8,11,"American President, The (1995)",False,20,123,0.5
historial_pequeno,53,19,True,content,9,56367,Juno (2007),False,20,123,0.5
historial_pequeno,53,19,True,content,10,4246,Bridget Jones's Diary (2001),False,20,123,0.5
historial_pequeno,53,19,True,collaborative,1,355,"Flintstones, The (1994)",False,20,123,0.5
historial_pequeno,53,19,True,collaborative,2,43919,Date Movie (2006),False,20,123,0.5
historial_pequeno,53,19,True,collaborative,3,3354,Mission to Mars (2000),False,20,123,0.5
historial_pequeno,53,19,True,collaborative,4,26629,Killer Klowns from Outer Space (1988),False,20,123,0.5
historial_pequeno,53,19,True,collaborative,5,434,Cliffhanger (1993),False,20,123,0.5
historial_pequeno,53,19,True,collaborative,6,1499,Anaconda (1997),False,20,123,0.5
historial_pequeno,53,19,True,collaborative,7,2471,Crocodile Dundee II (1988),False,20,123,0.5
historial_pequeno,53,19,True,collaborative,8,4132,Mannequin (1987),False,20,123,0.5
historial_pequeno,53,19,True,collaborative,9,6625,Camp Nowhere (1994),False,20,123,0.5
historial_pequeno,53,19,True,collaborative,10,2421,"Karate Kid, Part II, The (1986)",False,20,123,0.5
historial_pequeno,53,19,True,hybrid,1,43919,Date Movie (2006),False,20,123,0.5
historial_pequeno,53,19,True,hybrid,2,4132,Mannequin (1987),False,20,123,0.5
historial_pequeno,53,19,True,hybrid,3,5074,Storytelling (2001),False,20,123,0.5
historial_pequeno,53,19,True,hybrid,4,26629,Killer Klowns from Outer Space (1988),False,20,123,0.5
historial_pequeno,53,19,True,hybrid,5,2471,Crocodile Dundee II (1988),False,20,123,0.5
historial_pequeno,53,19,True,hybrid,6,3912,Beautiful (2000),False,20,123,0.5
historial_pequeno,53,19,True,hybrid,7,1783,Palmetto (1998),False,20,123,0.5
historial_pequeno,53,19,True,hybrid,8,2369,Desperately Seeking Susan (1985),False,20,123,0.5
historial_pequeno,53,19,True,hybrid,9,434,Cliffhanger (1993),False,20,123,0.5
historial_pequeno,53,19,True,hybrid,10,355,"Flintstones, The (1994)",False,20,123,0.5
usuario_nuevo,611,0,False,popularity,1,356,Forrest Gump (1994),False,20,123,0.5
usuario_nuevo,611,0,False,popularity,2,318,"Shawshank Redemption, The (1994)",False,20,123,0.5
usuario_nuevo,611,0,False,popularity,3,296,Pulp Fiction (1994),False,20,123,0.5
usuario_nuevo,611,0,False,popularity,4,2571,"Matrix, The (1999)",False,20,123,0.5
usuario_nuevo,611,0,False,popularity,5,593,"Silence of the Lambs, The (1991)",False,20,123,0.5
usuario_nuevo,611,0,False,popularity,6,260,Star Wars: Episode IV - A New Hope (1977),False,20,123,0.5
usuario_nuevo,611,0,False,popularity,7,110,Braveheart (1995),False,20,123,0.5
usuario_nuevo,611,0,False,popularity,8,480,Jurassic Park (1993),False,20,123,0.5
usuario_nuevo,611,0,False,popularity,9,589,Terminator 2: Judgment Day (1991),False,20,123,0.5
usuario_nuevo,611,0,False,popularity,10,2959,Fight Club (1999),False,20,123,0.5
usuario_nuevo,611,0,False,content,1,356,Forrest Gump (1994),False,20,123,0.5
usuario_nuevo,611,0,False,content,2,318,"Shawshank Redemption, The (1994)",False,20,123,0.5
usuario_nuevo,611,0,False,content,3,296,Pulp Fiction (1994),False,20,123,0.5
usuario_nuevo,611,0,False,content,4,2571,"Matrix, The (1999)",False,20,123,0.5
usuario_nuevo,611,0,False,content,5,593,"Silence of the Lambs, The (1991)",False,20,123,0.5
usuario_nuevo,611,0,False,content,6,260,Star Wars: Episode IV - A New Hope (1977),False,20,123,0.5
usuario_nuevo,611,0,False,content,7,110,Braveheart (1995),False,20,123,0.5
usuario_nuevo,611,0,False,content,8,480,Jurassic Park (1993),False,20,123,0.5
usuario_nuevo,611,0,False,content,9,589,Terminator 2: Judgment Day (1991),False,20,123,0.5
usuario_nuevo,611,0,False,content,10,2959,Fight Club (1999),False,20,123,0.5
usuario_nuevo,611,0,False,collaborative,1,356,Forrest Gump (1994),False,20,123,0.5
usuario_nuevo,611,0,False,collaborative,2,318,"Shawshank Redemption, The (1994)",False,20,123,0.5
usuario_nuevo,611,0,False,collaborative,3,296,Pulp Fiction (1994),False,20,123,0.5
usuario_nuevo,611,0,False,collaborative,4,2571,"Matrix, The (1999)",False,20,123,0.5
usuario_nuevo,611,0,False,collaborative,5,593,"Silence of the Lambs, The (1991)",False,20,123,0.5
usuario_nuevo,611,0,False,collaborative,6,260,Star Wars: Episode IV - A New Hope (1977),False,20,123,0.5
usuario_nuevo,611,0,False,collaborative,7,110,Braveheart (1995),False,20,123,0.5
usuario_nuevo,611,0,False,collaborative,8,480,Jurassic Park (1993),False,20,123,0.5
usuario_nuevo,611,0,False,collaborative,9,589,Terminator 2: Judgment Day (1991),False,20,123,0.5
usuario_nuevo,611,0,False,collaborative,10,2959,Fight Club (1999),False,20,123,0.5
usuario_nuevo,611,0,False,hybrid,1,356,Forrest Gump (1994),False,20,123,0.5
usuario_nuevo,611,0,False,hybrid,2,318,"Shawshank Redemption, The (1994)",False,20,123,0.5
usuario_nuevo,611,0,False,hybrid,3,296,Pulp Fiction (1994),False,20,123,0.5
usuario_nuevo,611,0,False,hybrid,4,2571,"Matrix, The (1999)",False,20,123,0.5
usuario_nuevo,611,0,False,hybrid,5,593,"Silence of the Lambs, The (1991)",False,20,123,0.5
usuario_nuevo,611,0,False,hybrid,6,260,Star Wars: Episode IV - A New Hope (1977),False,20,123,0.5
usuario_nuevo,611,0,False,hybrid,7,110,Braveheart (1995),False,20,123,0.5
usuario_nuevo,611,0,False,hybrid,8,480,Jurassic Park (1993),False,20,123,0.5
usuario_nuevo,611,0,False,hybrid,9,589,Terminator 2: Judgment Day (1991),False,20,123,0.5
usuario_nuevo,611,0,False,hybrid,10,2959,Fight Club (1999),False,20,123,0.5
historial_amplio,414,2697,True,popularity,1,1258,"Shining, The (1980)",False,20,123,0.75
historial_amplio,414,2697,True,popularity,2,8368,Harry Potter and the Prisoner of Azkaban (2004),False,20,123,0.75
historial_amplio,414,2697,True,popularity,3,19,Ace Ventura: When Nature Calls (1995),False,20,123,0.75
historial_amplio,414,2697,True,popularity,4,2324,Life Is Beautiful (La Vita è bella) (1997),False,20,123,0.75
historial_amplio,414,2697,True,popularity,5,410,Addams Family Values (1993),False,20,123,0.75
historial_amplio,414,2697,True,popularity,6,1219,Psycho (1960),False,20,123,0.75
historial_amplio,414,2697,True,popularity,7,317,"Santa Clause, The (1994)",False,20,123,0.75
historial_amplio,414,2697,True,popularity,8,520,Robin Hood: Men in Tights (1993),False,20,123,0.75
historial_amplio,414,2697,True,popularity,9,74458,Shutter Island (2010),False,20,123,0.75
historial_amplio,414,2697,True,popularity,10,48385,Borat: Cultural Learnings of America for Make Benefit Glorious Nation of Kazakhstan (2006),False,20,123,0.75
historial_amplio,414,2697,True,content,1,92259,Intouchables (2011),False,20,123,0.75
historial_amplio,414,2697,True,content,2,272,"Madness of King George, The (1994)",False,20,123,0.75
historial_amplio,414,2697,True,content,3,2431,Patch Adams (1998),False,20,123,0.75
historial_amplio,414,2697,True,content,4,2352,"Big Chill, The (1983)",False,20,123,0.75
historial_amplio,414,2697,True,content,5,1958,Terms of Endearment (1983),False,20,123,0.75
historial_amplio,414,2697,True,content,6,34437,Broken Flowers (2005),False,20,123,0.75
historial_amplio,414,2697,True,content,7,1292,Being There (1979),False,20,123,0.75
historial_amplio,414,2697,True,content,8,371,"Paper, The (1994)",False,20,123,0.75
historial_amplio,414,2697,True,content,9,194,Smoke (1995),False,20,123,0.75
historial_amplio,414,2697,True,content,10,65230,Marley & Me (2008),False,20,123,0.75
historial_amplio,414,2697,True,collaborative,1,2324,Life Is Beautiful (La Vita è bella) (1997),False,20,123,0.75
historial_amplio,414,2697,True,collaborative,2,1203,12 Angry Men (1957),False,20,123,0.75
historial_amplio,414,2697,True,collaborative,3,74458,Shutter Island (2010),False,20,123,0.75
historial_amplio,414,2697,True,collaborative,4,92259,Intouchables (2011),False,20,123,0.75
historial_amplio,414,2697,True,collaborative,5,246,Hoop Dreams (1994),False,20,123,0.75
historial_amplio,414,2697,True,collaborative,6,1219,Psycho (1960),False,20,123,0.75
historial_amplio,414,2697,True,collaborative,7,898,"Philadelphia Story, The (1940)",False,20,123,0.75
historial_amplio,414,2697,True,collaborative,8,1230,Annie Hall (1977),False,20,123,0.75
historial_amplio,414,2697,True,collaborative,9,1258,"Shining, The (1980)",False,20,123,0.75
historial_amplio,414,2697,True,collaborative,10,31658,Howl's Moving Castle (Hauru no ugoku shiro) (2004),False,20,123,0.75
historial_amplio,414,2697,True,hybrid,1,1203,12 Angry Men (1957),False,20,123,0.75
historial_amplio,414,2697,True,hybrid,2,2324,Life Is Beautiful (La Vita è bella) (1997),False,20,123,0.75
historial_amplio,414,2697,True,hybrid,3,92259,Intouchables (2011),False,20,123,0.75
historial_amplio,414,2697,True,hybrid,4,74458,Shutter Island (2010),False,20,123,0.75
historial_amplio,414,2697,True,hybrid,5,898,"Philadelphia Story, The (1940)",False,20,123,0.75
historial_amplio,414,2697,True,hybrid,6,1230,Annie Hall (1977),False,20,123,0.75
historial_amplio,414,2697,True,hybrid,7,1244,Manhattan (1979),False,20,123,0.75
historial_amplio,414,2697,True,hybrid,8,3468,"Hustler, The (1961)",False,20,123,0.75
historial_amplio,414,2697,True,hybrid,9,246,Hoop Dreams (1994),False,20,123,0.75
historial_amplio,414,2697,True,hybrid,10,1219,Psycho (1960),False,20,123,0.75
historial_pequeno,53,19,True,popularity,1,356,Forrest Gump (1994),False,20,123,0.75
historial_pequeno,53,19,True,popularity,2,318,"Shawshank Redemption, The (1994)",False,20,123,0.75
historial_pequeno,53,19,True,popularity,3,296,Pulp Fiction (1994),False,20,123,0.75
historial_pequeno,53,19,True,popularity,4,2571,"Matrix, The (1999)",False,20,123,0.75
historial_pequeno,53,19,True,popularity,5,593,"Silence of the Lambs, The (1991)",False,20,123,0.75
historial_pequeno,53,19,True,popularity,6,260,Star Wars: Episode IV - A New Hope (1977),False,20,123,0.75
historial_pequeno,53,19,True,popularity,7,110,Braveheart (1995),False,20,123,0.75
historial_pequeno,53,19,True,popularity,8,480,Jurassic Park (1993),False,20,123,0.75
historial_pequeno,53,19,True,popularity,9,589,Terminator 2: Judgment Day (1991),False,20,123,0.75
historial_pequeno,53,19,True,popularity,10,2959,Fight Club (1999),False,20,123,0.75
historial_pequeno,53,19,True,content,1,72142,Love Exposure (Ai No Mukidashi) (2008),False,20,123,0.75
historial_pequeno,53,19,True,content,2,539,Sleepless in Seattle (1993),False,20,123,0.75
historial_pequeno,53,19,True,content,3,1784,As Good as It Gets (1997),False,20,123,0.75
historial_pequeno,53,19,True,content,4,2396,Shakespeare in Love (1998),False,20,123,0.75
historial_pequeno,53,19,True,content,5,1247,"Graduate, The (1967)",False,20,123,0.75
historial_pequeno,53,19,True,content,6,3481,High Fidelity (2000),False,20,123,0.75
historial_pequeno,53,19,True,content,7,6711,Lost in Translation (2003),False,20,123,0.75
historial_pequeno,53,19,True,content,8,11,"American President, The (1995)",False,20,123,0.75
historial_pequeno,53,19,True,content,9,56367,Juno (2007),False,20,123,0.75
historial_pequeno,53,19,True,content,10,4246,Bridget Jones's Diary (2001),False,20,123,0.75
historial_pequeno,53,19,True,collaborative,1,355,"Flintstones, The (1994)",False,20,123,0.75
historial_pequeno,53,19,True,collaborative,2,43919,Date Movie (2006),False,20,123,0.75
historial_pequeno,53,19,True,collaborative,3,3354,Mission to Mars (2000),False,20,123,0.75
historial_pequeno,53,19,True,collaborative,4,26629,Killer Klowns from Outer Space (1988),False,20,123,0.75
historial_pequeno,53,19,True,collaborative,5,434,Cliffhanger (1993),False,20,123,0.75
historial_pequeno,53,19,True,collaborative,6,1499,Anaconda (1997),False,20,123,0.75
historial_pequeno,53,19,True,collaborative,7,2471,Crocodile Dundee II (1988),False,20,123,0.75
historial_pequeno,53,19,True,collaborative,8,4132,Mannequin (1987),False,20,123,0.75
historial_pequeno,53,19,True,collaborative,9,6625,Camp Nowhere (1994),False,20,123,0.75
historial_pequeno,53,19,True,collaborative,10,2421,"Karate Kid, Part II, The (1986)",False,20,123,0.75
historial_pequeno,53,19,True,hybrid,1,43919,Date Movie (2006),False,20,123,0.75
historial_pequeno,53,19,True,hybrid,2,355,"Flintstones, The (1994)",False,20,123,0.75
historial_pequeno,53,19,True,hybrid,3,26629,Killer Klowns from Outer Space (1988),False,20,123,0.75
historial_pequeno,53,19,True,hybrid,4,434,Cliffhanger (1993),False,20,123,0.75
historial_pequeno,53,19,True,hybrid,5,3354,Mission to Mars (2000),False,20,123,0.75
historial_pequeno,53,19,True,hybrid,6,4132,Mannequin (1987),False,20,123,0.75
historial_pequeno,53,19,True,hybrid,7,1499,Anaconda (1997),False,20,123,0.75
historial_pequeno,53,19,True,hybrid,8,2471,Crocodile Dundee II (1988),False,20,123,0.75
historial_pequeno,53,19,True,hybrid,9,2421,"Karate Kid, Part II, The (1986)",False,20,123,0.75
historial_pequeno,53,19,True,hybrid,10,1783,Palmetto (1998),False,20,123,0.75
usuario_nuevo,611,0,False,popularity,1,356,Forrest Gump (1994),False,20,123,0.75
usuario_nuevo,611,0,False,popularity,2,318,"Shawshank Redemption, The (1994)",False,20,123,0.75
usuario_nuevo,611,0,False,popularity,3,296,Pulp Fiction (1994),False,20,123,0.75
usuario_nuevo,611,0,False,popularity,4,2571,"Matrix, The (1999)",False,20,123,0.75
usuario_nuevo,611,0,False,popularity,5,593,"Silence of the Lambs, The (1991)",False,20,123,0.75
usuario_nuevo,611,0,False,popularity,6,260,Star Wars: Episode IV - A New Hope (1977),False,20,123,0.75
usuario_nuevo,611,0,False,popularity,7,110,Braveheart (1995),False,20,123,0.75
usuario_nuevo,611,0,False,popularity,8,480,Jurassic Park (1993),False,20,123,0.75
usuario_nuevo,611,0,False,popularity,9,589,Terminator 2: Judgment Day (1991),False,20,123,0.75
usuario_nuevo,611,0,False,popularity,10,2959,Fight Club (1999),False,20,123,0.75
usuario_nuevo,611,0,False,content,1,356,Forrest Gump (1994),False,20,123,0.75
usuario_nuevo,611,0,False,content,2,318,"Shawshank Redemption, The (1994)",False,20,123,0.75
usuario_nuevo,611,0,False,content,3,296,Pulp Fiction (1994),False,20,123,0.75
usuario_nuevo,611,0,False,content,4,2571,"Matrix, The (1999)",False,20,123,0.75
usuario_nuevo,611,0,False,content,5,593,"Silence of the Lambs, The (1991)",False,20,123,0.75
usuario_nuevo,611,0,False,content,6,260,Star Wars: Episode IV - A New Hope (1977),False,20,123,0.75
usuario_nuevo,611,0,False,content,7,110,Braveheart (1995),False,20,123,0.75
usuario_nuevo,611,0,False,content,8,480,Jurassic Park (1993),False,20,123,0.75
usuario_nuevo,611,0,False,content,9,589,Terminator 2: Judgment Day (1991),False,20,123,0.75
usuario_nuevo,611,0,False,content,10,2959,Fight Club (1999),False,20,123,0.75
usuario_nuevo,611,0,False,collaborative,1,356,Forrest Gump (1994),False,20,123,0.75
usuario_nuevo,611,0,False,collaborative,2,318,"Shawshank Redemption, The (1994)",False,20,123,0.75
usuario_nuevo,611,0,False,collaborative,3,296,Pulp Fiction (1994),False,20,123,0.75
usuario_nuevo,611,0,False,collaborative,4,2571,"Matrix, The (1999)",False,20,123,0.75
usuario_nuevo,611,0,False,collaborative,5,593,"Silence of the Lambs, The (1991)",False,20,123,0.75
usuario_nuevo,611,0,False,collaborative,6,260,Star Wars: Episode IV - A New Hope (1977),False,20,123,0.75
usuario_nuevo,611,0,False,collaborative,7,110,Braveheart (1995),False,20,123,0.75
usuario_nuevo,611,0,False,collaborative,8,480,Jurassic Park (1993),False,20,123,0.75
usuario_nuevo,611,0,False,collaborative,9,589,Terminator 2: Judgment Day (1991),False,20,123,0.75
usuario_nuevo,611,0,False,collaborative,10,2959,Fight Club (1999),False,20,123,0.75
usuario_nuevo,611,0,False,hybrid,1,356,Forrest Gump (1994),False,20,123,0.75
usuario_nuevo,611,0,False,hybrid,2,318,"Shawshank Redemption, The (1994)",False,20,123,0.75
usuario_nuevo,611,0,False,hybrid,3,296,Pulp Fiction (1994),False,20,123,0.75
usuario_nuevo,611,0,False,hybrid,4,2571,"Matrix, The (1999)",False,20,123,0.75
usuario_nuevo,611,0,False,hybrid,5,593,"Silence of the Lambs, The (1991)",False,20,123,0.75
usuario_nuevo,611,0,False,hybrid,6,260,Star Wars: Episode IV - A New Hope (1977),False,20,123,0.75
usuario_nuevo,611,0,False,hybrid,7,110,Braveheart (1995),False,20,123,0.75
usuario_nuevo,611,0,False,hybrid,8,480,Jurassic Park (1993),False,20,123,0.75
usuario_nuevo,611,0,False,hybrid,9,589,Terminator 2: Judgment Day (1991),False,20,123,0.75
usuario_nuevo,611,0,False,hybrid,10,2959,Fight Club (1999),False,20,123,0.75
historial_amplio,414,2697,True,popularity,1,1258,"Shining, The (1980)",False,40,42,0.25
historial_amplio,414,2697,True,popularity,2,8368,Harry Potter and the Prisoner of Azkaban (2004),False,40,42,0.25
historial_amplio,414,2697,True,popularity,3,19,Ace Ventura: When Nature Calls (1995),False,40,42,0.25
historial_amplio,414,2697,True,popularity,4,2324,Life Is Beautiful (La Vita è bella) (1997),False,40,42,0.25
historial_amplio,414,2697,True,popularity,5,410,Addams Family Values (1993),False,40,42,0.25
historial_amplio,414,2697,True,popularity,6,1219,Psycho (1960),False,40,42,0.25
historial_amplio,414,2697,True,popularity,7,317,"Santa Clause, The (1994)",False,40,42,0.25
historial_amplio,414,2697,True,popularity,8,520,Robin Hood: Men in Tights (1993),False,40,42,0.25
historial_amplio,414,2697,True,popularity,9,74458,Shutter Island (2010),False,40,42,0.25
historial_amplio,414,2697,True,popularity,10,48385,Borat: Cultural Learnings of America for Make Benefit Glorious Nation of Kazakhstan (2006),False,40,42,0.25
historial_amplio,414,2697,True,content,1,92259,Intouchables (2011),False,40,42,0.25
historial_amplio,414,2697,True,content,2,272,"Madness of King George, The (1994)",False,40,42,0.25
historial_amplio,414,2697,True,content,3,2431,Patch Adams (1998),False,40,42,0.25
historial_amplio,414,2697,True,content,4,2352,"Big Chill, The (1983)",False,40,42,0.25
historial_amplio,414,2697,True,content,5,1958,Terms of Endearment (1983),False,40,42,0.25
historial_amplio,414,2697,True,content,6,34437,Broken Flowers (2005),False,40,42,0.25
historial_amplio,414,2697,True,content,7,1292,Being There (1979),False,40,42,0.25
historial_amplio,414,2697,True,content,8,371,"Paper, The (1994)",False,40,42,0.25
historial_amplio,414,2697,True,content,9,194,Smoke (1995),False,40,42,0.25
historial_amplio,414,2697,True,content,10,65230,Marley & Me (2008),False,40,42,0.25
historial_amplio,414,2697,True,collaborative,1,1203,12 Angry Men (1957),False,40,42,0.25
historial_amplio,414,2697,True,collaborative,2,2324,Life Is Beautiful (La Vita è bella) (1997),False,40,42,0.25
historial_amplio,414,2697,True,collaborative,3,1230,Annie Hall (1977),False,40,42,0.25
historial_amplio,414,2697,True,collaborative,4,922,Sunset Blvd. (a.k.a. Sunset Boulevard) (1950),False,40,42,0.25
historial_amplio,414,2697,True,collaborative,5,898,"Philadelphia Story, The (1940)",False,40,42,0.25
historial_amplio,414,2697,True,collaborative,6,1258,"Shining, The (1980)",False,40,42,0.25
historial_amplio,414,2697,True,collaborative,7,1219,Psycho (1960),False,40,42,0.25
historial_amplio,414,2697,True,collaborative,8,74458,Shutter Island (2010),False,40,42,0.25
historial_amplio,414,2697,True,collaborative,9,1245,Miller's Crossing (1990),False,40,42,0.25
historial_amplio,414,2697,True,collaborative,10,246,Hoop Dreams (1994),False,40,42,0.25
historial_amplio,414,2697,True,hybrid,1,1203,12 Angry Men (1957),False,40,42,0.25
historial_amplio,414,2697,True,hybrid,2,92259,Intouchables (2011),False,40,42,0.25
historial_amplio,414,2697,True,hybrid,3,898,"Philadelphia Story, The (1940)",False,40,42,0.25
historial_amplio,414,2697,True,hybrid,4,7037,High Heels (Tacones lejanos) (1991),False,40,42,0.25
historial_amplio,414,2697,True,hybrid,5,1244,Manhattan (1979),False,40,42,0.25
historial_amplio,414,2697,True,hybrid,6,272,"Madness of King George, The (1994)",False,40,42,0.25
historial_amplio,414,2697,True,hybrid,7,1300,My Life as a Dog (Mitt liv som hund) (1985),False,40,42,0.25
historial_amplio,414,2697,True,hybrid,8,2324,Life Is Beautiful (La Vita è bella) (1997),False,40,42,0.25
historial_amplio,414,2697,True,hybrid,9,3462,Modern Times (1936),False,40,42,0.25
historial_amplio,414,2697,True,hybrid,10,58,"Postman, The (Postino, Il) (1994)",False,40,42,0.25
historial_pequeno,53,19,True,popularity,1,356,Forrest Gump (1994),False,40,42,0.25
historial_pequeno,53,19,True,popularity,2,318,"Shawshank Redemption, The (1994)",False,40,42,0.25
historial_pequeno,53,19,True,popularity,3,296,Pulp Fiction (1994),False,40,42,0.25
historial_pequeno,53,19,True,popularity,4,2571,"Matrix, The (1999)",False,40,42,0.25
historial_pequeno,53,19,True,popularity,5,593,"Silence of the Lambs, The (1991)",False,40,42,0.25
historial_pequeno,53,19,True,popularity,6,260,Star Wars: Episode IV - A New Hope (1977),False,40,42,0.25
historial_pequeno,53,19,True,popularity,7,110,Braveheart (1995),False,40,42,0.25
historial_pequeno,53,19,True,popularity,8,480,Jurassic Park (1993),False,40,42,0.25
historial_pequeno,53,19,True,popularity,9,589,Terminator 2: Judgment Day (1991),False,40,42,0.25
historial_pequeno,53,19,True,popularity,10,2959,Fight Club (1999),False,40,42,0.25
historial_pequeno,53,19,True,content,1,72142,Love Exposure (Ai No Mukidashi) (2008),False,40,42,0.25
historial_pequeno,53,19,True,content,2,539,Sleepless in Seattle (1993),False,40,42,0.25
historial_pequeno,53,19,True,content,3,1784,As Good as It Gets (1997),False,40,42,0.25
historial_pequeno,53,19,True,content,4,2396,Shakespeare in Love (1998),False,40,42,0.25
historial_pequeno,53,19,True,content,5,1247,"Graduate, The (1967)",False,40,42,0.25
historial_pequeno,53,19,True,content,6,3481,High Fidelity (2000),False,40,42,0.25
historial_pequeno,53,19,True,content,7,6711,Lost in Translation (2003),False,40,42,0.25
historial_pequeno,53,19,True,content,8,11,"American President, The (1995)",False,40,42,0.25
historial_pequeno,53,19,True,content,9,56367,Juno (2007),False,40,42,0.25
historial_pequeno,53,19,True,content,10,4246,Bridget Jones's Diary (2001),False,40,42,0.25
historial_pequeno,53,19,True,collaborative,1,356,Forrest Gump (1994),False,40,42,0.25
historial_pequeno,53,19,True,collaborative,2,1882,Godzilla (1998),False,40,42,0.25
historial_pequeno,53,19,True,collaborative,3,168,First Knight (1995),False,40,42,0.25
historial_pequeno,53,19,True,collaborative,4,72998,Avatar (2009),False,40,42,0.25
historial_pequeno,53,19,True,collaborative,5,3731,Cutter's Way (1981),False,40,42,0.25
historial_pequeno,53,19,True,collaborative,6,317,"Santa Clause, The (1994)",False,40,42,0.25
historial_pequeno,53,19,True,collaborative,7,833,High School High (1996),False,40,42,0.25
historial_pequeno,53,19,True,collaborative,8,575,"Little Rascals, The (1994)",False,40,42,0.25
historial_pequeno,53,19,True,collaborative,9,141818,Ordinary Miracle (1978),False,40,42,0.25
historial_pequeno,53,19,True,collaborative,10,53435,Hostel: Part II (2007),False,40,42,0.25
historial_pequeno,53,19,True,hybrid,1,168,First Knight (1995),False,40,42,0.25
historial_pequeno,53,19,True,hybrid,2,6558,Curly Sue (1991),False,40,42,0.25
historial_pequeno,53,19,True,hybrid,3,356,Forrest Gump (1994),False,40,42,0.25
historial_pequeno,53,19,True,hybrid,4,6218,Bend It Like Beckham (2002),False,40,42,0.25
historial_pequeno,53,19,True,hybrid,5,8529,"Terminal, The (2004)",False,40,42,0.25
historial_pequeno,53,19,True,hybrid,6,3308,"Flamingo Kid, The (1984)",False,40,42,0.25
historial_pequeno,53,19,True,hybrid,7,1916,Buffalo '66 (a.k.a. Buffalo 66) (1998),False,40,42,0.25
historial_pequeno,53,19,True,hybrid,8,127198,Dope (2015),False,40,42,0.25
historial_pequeno,53,19,True,hybrid,9,141818,Ordinary Miracle (1978),False,40,42,0.25
historial_pequeno,53,19,True,hybrid,10,2006,"Mask of Zorro, The (1998)",False,40,42,0.25
usuario_nuevo,611,0,False,popularity,1,356,Forrest Gump (1994),False,40,42,0.25
usuario_nuevo,611,0,False,popularity,2,318,"Shawshank Redemption, The (1994)",False,40,42,0.25
usuario_nuevo,611,0,False,popularity,3,296,Pulp Fiction (1994),False,40,42,0.25
usuario_nuevo,611,0,False,popularity,4,2571,"Matrix, The (1999)",False,40,42,0.25
usuario_nuevo,611,0,False,popularity,5,593,"Silence of the Lambs, The (1991)",False,40,42,0.25
usuario_nuevo,611,0,False,popularity,6,260,Star Wars: Episode IV - A New Hope (1977),False,40,42,0.25
usuario_nuevo,611,0,False,popularity,7,110,Braveheart (1995),False,40,42,0.25
usuario_nuevo,611,0,False,popularity,8,480,Jurassic Park (1993),False,40,42,0.25
usuario_nuevo,611,0,False,popularity,9,589,Terminator 2: Judgment Day (1991),False,40,42,0.25
usuario_nuevo,611,0,False,popularity,10,2959,Fight Club (1999),False,40,42,0.25
usuario_nuevo,611,0,False,content,1,356,Forrest Gump (1994),False,40,42,0.25
usuario_nuevo,611,0,False,content,2,318,"Shawshank Redemption, The (1994)",False,40,42,0.25
usuario_nuevo,611,0,False,content,3,296,Pulp Fiction (1994),False,40,42,0.25
usuario_nuevo,611,0,False,content,4,2571,"Matrix, The (1999)",False,40,42,0.25
usuario_nuevo,611,0,False,content,5,593,"Silence of the Lambs, The (1991)",False,40,42,0.25
usuario_nuevo,611,0,False,content,6,260,Star Wars: Episode IV - A New Hope (1977),False,40,42,0.25
usuario_nuevo,611,0,False,content,7,110,Braveheart (1995),False,40,42,0.25
usuario_nuevo,611,0,False,content,8,480,Jurassic Park (1993),False,40,42,0.25
usuario_nuevo,611,0,False,content,9,589,Terminator 2: Judgment Day (1991),False,40,42,0.25
usuario_nuevo,611,0,False,content,10,2959,Fight Club (1999),False,40,42,0.25
usuario_nuevo,611,0,False,collaborative,1,356,Forrest Gump (1994),False,40,42,0.25
usuario_nuevo,611,0,False,collaborative,2,318,"Shawshank Redemption, The (1994)",False,40,42,0.25
usuario_nuevo,611,0,False,collaborative,3,296,Pulp Fiction (1994),False,40,42,0.25
usuario_nuevo,611,0,False,collaborative,4,2571,"Matrix, The (1999)",False,40,42,0.25
usuario_nuevo,611,0,False,collaborative,5,593,"Silence of the Lambs, The (1991)",False,40,42,0.25
usuario_nuevo,611,0,False,collaborative,6,260,Star Wars: Episode IV - A New Hope (1977),False,40,42,0.25
usuario_nuevo,611,0,False,collaborative,7,110,Braveheart (1995),False,40,42,0.25
usuario_nuevo,611,0,False,collaborative,8,480,Jurassic Park (1993),False,40,42,0.25
usuario_nuevo,611,0,False,collaborative,9,589,Terminator 2: Judgment Day (1991),False,40,42,0.25
usuario_nuevo,611,0,False,collaborative,10,2959,Fight Club (1999),False,40,42,0.25
usuario_nuevo,611,0,False,hybrid,1,356,Forrest Gump (1994),False,40,42,0.25
usuario_nuevo,611,0,False,hybrid,2,318,"Shawshank Redemption, The (1994)",False,40,42,0.25
usuario_nuevo,611,0,False,hybrid,3,296,Pulp Fiction (1994),False,40,42,0.25
usuario_nuevo,611,0,False,hybrid,4,2571,"Matrix, The (1999)",False,40,42,0.25
usuario_nuevo,611,0,False,hybrid,5,593,"Silence of the Lambs, The (1991)",False,40,42,0.25
usuario_nuevo,611,0,False,hybrid,6,260,Star Wars: Episode IV - A New Hope (1977),False,40,42,0.25
usuario_nuevo,611,0,False,hybrid,7,110,Braveheart (1995),False,40,42,0.25
usuario_nuevo,611,0,False,hybrid,8,480,Jurassic Park (1993),False,40,42,0.25
usuario_nuevo,611,0,False,hybrid,9,589,Terminator 2: Judgment Day (1991),False,40,42,0.25
usuario_nuevo,611,0,False,hybrid,10,2959,Fight Club (1999),False,40,42,0.25
historial_amplio,414,2697,True,popularity,1,1258,"Shining, The (1980)",False,40,42,0.5
historial_amplio,414,2697,True,popularity,2,8368,Harry Potter and the Prisoner of Azkaban (2004),False,40,42,0.5
historial_amplio,414,2697,True,popularity,3,19,Ace Ventura: When Nature Calls (1995),False,40,42,0.5
historial_amplio,414,2697,True,popularity,4,2324,Life Is Beautiful (La Vita è bella) (1997),False,40,42,0.5
historial_amplio,414,2697,True,popularity,5,410,Addams Family Values (1993),False,40,42,0.5
historial_amplio,414,2697,True,popularity,6,1219,Psycho (1960),False,40,42,0.5
historial_amplio,414,2697,True,popularity,7,317,"Santa Clause, The (1994)",False,40,42,0.5
historial_amplio,414,2697,True,popularity,8,520,Robin Hood: Men in Tights (1993),False,40,42,0.5
historial_amplio,414,2697,True,popularity,9,74458,Shutter Island (2010),False,40,42,0.5
historial_amplio,414,2697,True,popularity,10,48385,Borat: Cultural Learnings of America for Make Benefit Glorious Nation of Kazakhstan (2006),False,40,42,0.5
historial_amplio,414,2697,True,content,1,92259,Intouchables (2011),False,40,42,0.5
historial_amplio,414,2697,True,content,2,272,"Madness of King George, The (1994)",False,40,42,0.5
historial_amplio,414,2697,True,content,3,2431,Patch Adams (1998),False,40,42,0.5
historial_amplio,414,2697,True,content,4,2352,"Big Chill, The (1983)",False,40,42,0.5
historial_amplio,414,2697,True,content,5,1958,Terms of Endearment (1983),False,40,42,0.5
historial_amplio,414,2697,True,content,6,34437,Broken Flowers (2005),False,40,42,0.5
historial_amplio,414,2697,True,content,7,1292,Being There (1979),False,40,42,0.5
historial_amplio,414,2697,True,content,8,371,"Paper, The (1994)",False,40,42,0.5
historial_amplio,414,2697,True,content,9,194,Smoke (1995),False,40,42,0.5
historial_amplio,414,2697,True,content,10,65230,Marley & Me (2008),False,40,42,0.5
historial_amplio,414,2697,True,collaborative,1,1203,12 Angry Men (1957),False,40,42,0.5
historial_amplio,414,2697,True,collaborative,2,2324,Life Is Beautiful (La Vita è bella) (1997),False,40,42,0.5
historial_amplio,414,2697,True,collaborative,3,1230,Annie Hall (1977),False,40,42,0.5
historial_amplio,414,2697,True,collaborative,4,922,Sunset Blvd. (a.k.a. Sunset Boulevard) (1950),False,40,42,0.5
historial_amplio,414,2697,True,collaborative,5,898,"Philadelphia Story, The (1940)",False,40,42,0.5
historial_amplio,414,2697,True,collaborative,6,1258,"Shining, The (1980)",False,40,42,0.5
historial_amplio,414,2697,True,collaborative,7,1219,Psycho (1960),False,40,42,0.5
historial_amplio,414,2697,True,collaborative,8,74458,Shutter Island (2010),False,40,42,0.5
historial_amplio,414,2697,True,collaborative,9,1245,Miller's Crossing (1990),False,40,42,0.5
historial_amplio,414,2697,True,collaborative,10,246,Hoop Dreams (1994),False,40,42,0.5
historial_amplio,414,2697,True,hybrid,1,1203,12 Angry Men (1957),False,40,42,0.5
historial_amplio,414,2697,True,hybrid,2,2324,Life Is Beautiful (La Vita è bella) (1997),False,40,42,0.5
historial_amplio,414,2697,True,hybrid,3,898,"Philadelphia Story, The (1940)",False,40,42,0.5
historial_amplio,414,2697,True,hybrid,4,92259,Intouchables (2011),False,40,42,0.5
historial_amplio,414,2697,True,hybrid,5,1244,Manhattan (1979),False,40,42,0.5
historial_amplio,414,2697,True,hybrid,6,7037,High Heels (Tacones lejanos) (1991),False,40,42,0.5
historial_amplio,414,2697,True,hybrid,7,1230,Annie Hall (1977),False,40,42,0.5
historial_amplio,414,2697,True,hybrid,8,926,All About Eve (1950),False,40,42,0.5
historial_amplio,414,2697,True,hybrid,9,44555,"Lives of Others, The (Das leben der Anderen) (2006)",False,40,42,0.5
historial_amplio,414,2697,True,hybrid,10,1041,Secrets & Lies (1996),False,40,42,0.5
historial_pequeno,53,19,True,popularity,1,356,Forrest Gump (1994),False,40,42,0.5
historial_pequeno,53,19,True,popularity,2,318,"Shawshank Redemption, The (1994)",False,40,42,0.5
historial_pequeno,53,19,True,popularity,3,296,Pulp Fiction (1994),False,40,42,0.5
historial_pequeno,53,19,True,popularity,4,2571,"Matrix, The (1999)",False,40,42,0.5
historial_pequeno,53,19,True,popularity,5,593,"Silence of the Lambs, The (1991)",False,40,42,0.5
historial_pequeno,53,19,True,popularity,6,260,Star Wars: Episode IV - A New Hope (1977),False,40,42,0.5
historial_pequeno,53,19,True,popularity,7,110,Braveheart (1995),False,40,42,0.5
historial_pequeno,53,19,True,popularity,8,480,Jurassic Park (1993),False,40,42,0.5
historial_pequeno,53,19,True,popularity,9,589,Terminator 2: Judgment Day (1991),False,40,42,0.5
historial_pequeno,53,19,True,popularity,10,2959,Fight Club (1999),False,40,42,0.5
historial_pequeno,53,19,True,content,1,72142,Love Exposure (Ai No Mukidashi) (2008),False,40,42,0.5
historial_pequeno,53,19,True,content,2,539,Sleepless in Seattle (1993),False,40,42,0.5
historial_pequeno,53,19,True,content,3,1784,As Good as It Gets (1997),False,40,42,0.5
historial_pequeno,53,19,True,content,4,2396,Shakespeare in Love (1998),False,40,42,0.5
historial_pequeno,53,19,True,content,5,1247,"Graduate, The (1967)",False,40,42,0.5
historial_pequeno,53,19,True,content,6,3481,High Fidelity (2000),False,40,42,0.5
historial_pequeno,53,19,True,content,7,6711,Lost in Translation (2003),False,40,42,0.5
historial_pequeno,53,19,True,content,8,11,"American President, The (1995)",False,40,42,0.5
historial_pequeno,53,19,True,content,9,56367,Juno (2007),False,40,42,0.5
historial_pequeno,53,19,True,content,10,4246,Bridget Jones's Diary (2001),False,40,42,0.5
historial_pequeno,53,19,True,collaborative,1,356,Forrest Gump (1994),False,40,42,0.5
historial_pequeno,53,19,True,collaborative,2,1882,Godzilla (1998),False,40,42,0.5
historial_pequeno,53,19,True,collaborative,3,168,First Knight (1995),False,40,42,0.5
historial_pequeno,53,19,True,collaborative,4,72998,Avatar (2009),False,40,42,0.5
historial_pequeno,53,19,True,collaborative,5,3731,Cutter's Way (1981),False,40,42,0.5
historial_pequeno,53,19,True,collaborative,6,317,"Santa Clause, The (1994)",False,40,42,0.5
historial_pequeno,53,19,True,collaborative,7,833,High School High (1996),False,40,42,0.5
historial_pequeno,53,19,True,collaborative,8,575,"Little Rascals, The (1994)",False,40,42,0.5
historial_pequeno,53,19,True,collaborative,9,141818,Ordinary Miracle (1978),False,40,42,0.5
historial_pequeno,53,19,True,collaborative,10,53435,Hostel: Part II (2007),False,40,42,0.5
historial_pequeno,53,19,True,hybrid,1,168,First Knight (1995),False,40,42,0.5
historial_pequeno,53,19,True,hybrid,2,356,Forrest Gump (1994),False,40,42,0.5
historial_pequeno,53,19,True,hybrid,3,6558,Curly Sue (1991),False,40,42,0.5
historial_pequeno,53,19,True,hybrid,4,141818,Ordinary Miracle (1978),False,40,42,0.5
historial_pequeno,53,19,True,hybrid,5,3731,Cutter's Way (1981),False,40,42,0.5
historial_pequeno,53,19,True,hybrid,6,1882,Godzilla (1998),False,40,42,0.5
historial_pequeno,53,19,True,hybrid,7,317,"Santa Clause, The (1994)",False,40,42,0.5
historial_pequeno,53,19,True,hybrid,8,833,High School High (1996),False,40,42,0.5
historial_pequeno,53,19,True,hybrid,9,1916,Buffalo '66 (a.k.a. Buffalo 66) (1998),False,40,42,0.5
historial_pequeno,53,19,True,hybrid,10,3308,"Flamingo Kid, The (1984)",False,40,42,0.5
usuario_nuevo,611,0,False,popularity,1,356,Forrest Gump (1994),False,40,42,0.5
usuario_nuevo,611,0,False,popularity,2,318,"Shawshank Redemption, The (1994)",False,40,42,0.5
usuario_nuevo,611,0,False,popularity,3,296,Pulp Fiction (1994),False,40,42,0.5
usuario_nuevo,611,0,False,popularity,4,2571,"Matrix, The (1999)",False,40,42,0.5
usuario_nuevo,611,0,False,popularity,5,593,"Silence of the Lambs, The (1991)",False,40,42,0.5
usuario_nuevo,611,0,False,popularity,6,260,Star Wars: Episode IV - A New Hope (1977),False,40,42,0.5
usuario_nuevo,611,0,False,popularity,7,110,Braveheart (1995),False,40,42,0.5
usuario_nuevo,611,0,False,popularity,8,480,Jurassic Park (1993),False,40,42,0.5
usuario_nuevo,611,0,False,popularity,9,589,Terminator 2: Judgment Day (1991),False,40,42,0.5
usuario_nuevo,611,0,False,popularity,10,2959,Fight Club (1999),False,40,42,0.5
usuario_nuevo,611,0,False,content,1,356,Forrest Gump (1994),False,40,42,0.5
usuario_nuevo,611,0,False,content,2,318,"Shawshank Redemption, The (1994)",False,40,42,0.5
usuario_nuevo,611,0,False,content,3,296,Pulp Fiction (1994),False,40,42,0.5
usuario_nuevo,611,0,False,content,4,2571,"Matrix, The (1999)",False,40,42,0.5
usuario_nuevo,611,0,False,content,5,593,"Silence of the Lambs, The (1991)",False,40,42,0.5
usuario_nuevo,611,0,False,content,6,260,Star Wars: Episode IV - A New Hope (1977),False,40,42,0.5
usuario_nuevo,611,0,False,content,7,110,Braveheart (1995),False,40,42,0.5
usuario_nuevo,611,0,False,content,8,480,Jurassic Park (1993),False,40,42,0.5
usuario_nuevo,611,0,False,content,9,589,Terminator 2: Judgment Day (1991),False,40,42,0.5
usuario_nuevo,611,0,False,content,10,2959,Fight Club (1999),False,40,42,0.5
usuario_nuevo,611,0,False,collaborative,1,356,Forrest Gump (1994),False,40,42,0.5
usuario_nuevo,611,0,False,collaborative,2,318,"Shawshank Redemption, The (1994)",False,40,42,0.5
usuario_nuevo,611,0,False,collaborative,3,296,Pulp Fiction (1994),False,40,42,0.5
usuario_nuevo,611,0,False,collaborative,4,2571,"Matrix, The (1999)",False,40,42,0.5
usuario_nuevo,611,0,False,collaborative,5,593,"Silence of the Lambs, The (1991)",False,40,42,0.5
usuario_nuevo,611,0,False,collaborative,6,260,Star Wars: Episode IV - A New Hope (1977),False,40,42,0.5
usuario_nuevo,611,0,False,collaborative,7,110,Braveheart (1995),False,40,42,0.5
usuario_nuevo,611,0,False,collaborative,8,480,Jurassic Park (1993),False,40,42,0.5
usuario_nuevo,611,0,False,collaborative,9,589,Terminator 2: Judgment Day (1991),False,40,42,0.5
usuario_nuevo,611,0,False,collaborative,10,2959,Fight Club (1999),False,40,42,0.5
usuario_nuevo,611,0,False,hybrid,1,356,Forrest Gump (1994),False,40,42,0.5
usuario_nuevo,611,0,False,hybrid,2,318,"Shawshank Redemption, The (1994)",False,40,42,0.5
usuario_nuevo,611,0,False,hybrid,3,296,Pulp Fiction (1994),False,40,42,0.5
usuario_nuevo,611,0,False,hybrid,4,2571,"Matrix, The (1999)",False,40,42,0.5
usuario_nuevo,611,0,False,hybrid,5,593,"Silence of the Lambs, The (1991)",False,40,42,0.5
usuario_nuevo,611,0,False,hybrid,6,260,Star Wars: Episode IV - A New Hope (1977),False,40,42,0.5
usuario_nuevo,611,0,False,hybrid,7,110,Braveheart (1995),False,40,42,0.5
usuario_nuevo,611,0,False,hybrid,8,480,Jurassic Park (1993),False,40,42,0.5
usuario_nuevo,611,0,False,hybrid,9,589,Terminator 2: Judgment Day (1991),False,40,42,0.5
usuario_nuevo,611,0,False,hybrid,10,2959,Fight Club (1999),False,40,42,0.5
historial_amplio,414,2697,True,popularity,1,1258,"Shining, The (1980)",False,40,42,0.75
historial_amplio,414,2697,True,popularity,2,8368,Harry Potter and the Prisoner of Azkaban (2004),False,40,42,0.75
historial_amplio,414,2697,True,popularity,3,19,Ace Ventura: When Nature Calls (1995),False,40,42,0.75
historial_amplio,414,2697,True,popularity,4,2324,Life Is Beautiful (La Vita è bella) (1997),False,40,42,0.75
historial_amplio,414,2697,True,popularity,5,410,Addams Family Values (1993),False,40,42,0.75
historial_amplio,414,2697,True,popularity,6,1219,Psycho (1960),False,40,42,0.75
historial_amplio,414,2697,True,popularity,7,317,"Santa Clause, The (1994)",False,40,42,0.75
historial_amplio,414,2697,True,popularity,8,520,Robin Hood: Men in Tights (1993),False,40,42,0.75
historial_amplio,414,2697,True,popularity,9,74458,Shutter Island (2010),False,40,42,0.75
historial_amplio,414,2697,True,popularity,10,48385,Borat: Cultural Learnings of America for Make Benefit Glorious Nation of Kazakhstan (2006),False,40,42,0.75
historial_amplio,414,2697,True,content,1,92259,Intouchables (2011),False,40,42,0.75
historial_amplio,414,2697,True,content,2,272,"Madness of King George, The (1994)",False,40,42,0.75
historial_amplio,414,2697,True,content,3,2431,Patch Adams (1998),False,40,42,0.75
historial_amplio,414,2697,True,content,4,2352,"Big Chill, The (1983)",False,40,42,0.75
historial_amplio,414,2697,True,content,5,1958,Terms of Endearment (1983),False,40,42,0.75
historial_amplio,414,2697,True,content,6,34437,Broken Flowers (2005),False,40,42,0.75
historial_amplio,414,2697,True,content,7,1292,Being There (1979),False,40,42,0.75
historial_amplio,414,2697,True,content,8,371,"Paper, The (1994)",False,40,42,0.75
historial_amplio,414,2697,True,content,9,194,Smoke (1995),False,40,42,0.75
historial_amplio,414,2697,True,content,10,65230,Marley & Me (2008),False,40,42,0.75
historial_amplio,414,2697,True,collaborative,1,1203,12 Angry Men (1957),False,40,42,0.75
historial_amplio,414,2697,True,collaborative,2,2324,Life Is Beautiful (La Vita è bella) (1997),False,40,42,0.75
historial_amplio,414,2697,True,collaborative,3,1230,Annie Hall (1977),False,40,42,0.75
historial_amplio,414,2697,True,collaborative,4,922,Sunset Blvd. (a.k.a. Sunset Boulevard) (1950),False,40,42,0.75
historial_amplio,414,2697,True,collaborative,5,898,"Philadelphia Story, The (1940)",False,40,42,0.75
historial_amplio,414,2697,True,collaborative,6,1258,"Shining, The (1980)",False,40,42,0.75
historial_amplio,414,2697,True,collaborative,7,1219,Psycho (1960),False,40,42,0.75
historial_amplio,414,2697,True,collaborative,8,74458,Shutter Island (2010),False,40,42,0.75
historial_amplio,414,2697,True,collaborative,9,1245,Miller's Crossing (1990),False,40,42,0.75
historial_amplio,414,2697,True,collaborative,10,246,Hoop Dreams (1994),False,40,42,0.75
historial_amplio,414,2697,True,hybrid,1,1203,12 Angry Men (1957),False,40,42,0.75
historial_amplio,414,2697,True,hybrid,2,2324,Life Is Beautiful (La Vita è bella) (1997),False,40,42,0.75
historial_amplio,414,2697,True,hybrid,3,898,"Philadelphia Story, The (1940)",False,40,42,0.75
historial_amplio,414,2697,True,hybrid,4,1230,Annie Hall (1977),False,40,42,0.75
historial_amplio,414,2697,True,hybrid,5,92259,Intouchables (2011),False,40,42,0.75
historial_amplio,414,2697,True,hybrid,6,1244,Manhattan (1979),False,40,42,0.75
historial_amplio,414,2697,True,hybrid,7,922,Sunset Blvd. (a.k.a. Sunset Boulevard) (1950),False,40,42,0.75
historial_amplio,414,2697,True,hybrid,8,914,My Fair Lady (1964),False,40,42,0.75
historial_amplio,414,2697,True,hybrid,9,44555,"Lives of Others, The (Das leben der Anderen) (2006)",False,40,42,0.75
historial_amplio,414,2697,True,hybrid,10,74458,Shutter Island (2010),False,40,42,0.75
historial_pequeno,53,19,True,popularity,1,356,Forrest Gump (1994),False,40,42,0.75
historial_pequeno,53,19,True,popularity,2,318,"Shawshank Redemption, The (1994)",False,40,42,0.75
historial_pequeno,53,19,True,popularity,3,296,Pulp Fiction (1994),False,40,42,0.75
historial_pequeno,53,19,True,popularity,4,2571,"Matrix, The (1999)",False,40,42,0.75
historial_pequeno,53,19,True,popularity,5,593,"Silence of the Lambs, The (1991)",False,40,42,0.75
historial_pequeno,53,19,True,popularity,6,260,Star Wars: Episode IV - A New Hope (1977),False,40,42,0.75
historial_pequeno,53,19,True,popularity,7,110,Braveheart (1995),False,40,42,0.75
historial_pequeno,53,19,True,popularity,8,480,Jurassic Park (1993),False,40,42,0.75
historial_pequeno,53,19,True,popularity,9,589,Terminator 2: Judgment Day (1991),False,40,42,0.75
historial_pequeno,53,19,True,popularity,10,2959,Fight Club (1999),False,40,42,0.75
historial_pequeno,53,19,True,content,1,72142,Love Exposure (Ai No Mukidashi) (2008),False,40,42,0.75
historial_pequeno,53,19,True,content,2,539,Sleepless in Seattle (1993),False,40,42,0.75
historial_pequeno,53,19,True,content,3,1784,As Good as It Gets (1997),False,40,42,0.75
historial_pequeno,53,19,True,content,4,2396,Shakespeare in Love (1998),False,40,42,0.75
historial_pequeno,53,19,True,content,5,1247,"Graduate, The (1967)",False,40,42,0.75
historial_pequeno,53,19,True,content,6,3481,High Fidelity (2000),False,40,42,0.75
historial_pequeno,53,19,True,content,7,6711,Lost in Translation (2003),False,40,42,0.75
historial_pequeno,53,19,True,content,8,11,"American President, The (1995)",False,40,42,0.75
historial_pequeno,53,19,True,content,9,56367,Juno (2007),False,40,42,0.75
historial_pequeno,53,19,True,content,10,4246,Bridget Jones's Diary (2001),False,40,42,0.75
historial_pequeno,53,19,True,collaborative,1,356,Forrest Gump (1994),False,40,42,0.75
historial_pequeno,53,19,True,collaborative,2,1882,Godzilla (1998),False,40,42,0.75
historial_pequeno,53,19,True,collaborative,3,168,First Knight (1995),False,40,42,0.75
historial_pequeno,53,19,True,collaborative,4,72998,Avatar (2009),False,40,42,0.75
historial_pequeno,53,19,True,collaborative,5,3731,Cutter's Way (1981),False,40,42,0.75
historial_pequeno,53,19,True,collaborative,6,317,"Santa Clause, The (1994)",False,40,42,0.75
historial_pequeno,53,19,True,collaborative,7,833,High School High (1996),False,40,42,0.75
historial_pequeno,53,19,True,collaborative,8,575,"Little Rascals, The (1994)",False,40,42,0.75
historial_pequeno,53,19,True,collaborative,9,141818,Ordinary Miracle (1978),False,40,42,0.75
historial_pequeno,53,19,True,collaborative,10,53435,Hostel: Part II (2007),False,40,42,0.75
historial_pequeno,53,19,True,hybrid,1,356,Forrest Gump (1994),False,40,42,0.75
historial_pequeno,53,19,True,hybrid,2,168,First Knight (1995),False,40,42,0.75
historial_pequeno,53,19,True,hybrid,3,1882,Godzilla (1998),False,40,42,0.75
historial_pequeno,53,19,True,hybrid,4,3731,Cutter's Way (1981),False,40,42,0.75
historial_pequeno,53,19,True,hybrid,5,72998,Avatar (2009),False,40,42,0.75
historial_pequeno,53,19,True,hybrid,6,317,"Santa Clause, The (1994)",False,40,42,0.75
historial_pequeno,53,19,True,hybrid,7,833,High School High (1996),False,40,42,0.75
historial_pequeno,53,19,True,hybrid,8,141818,Ordinary Miracle (1978),False,40,42,0.75
historial_pequeno,53,19,True,hybrid,9,6558,Curly Sue (1991),False,40,42,0.75
historial_pequeno,53,19,True,hybrid,10,575,"Little Rascals, The (1994)",False,40,42,0.75
usuario_nuevo,611,0,False,popularity,1,356,Forrest Gump (1994),False,40,42,0.75
usuario_nuevo,611,0,False,popularity,2,318,"Shawshank Redemption, The (1994)",False,40,42,0.75
usuario_nuevo,611,0,False,popularity,3,296,Pulp Fiction (1994),False,40,42,0.75
usuario_nuevo,611,0,False,popularity,4,2571,"Matrix, The (1999)",False,40,42,0.75
usuario_nuevo,611,0,False,popularity,5,593,"Silence of the Lambs, The (1991)",False,40,42,0.75
usuario_nuevo,611,0,False,popularity,6,260,Star Wars: Episode IV - A New Hope (1977),False,40,42,0.75
usuario_nuevo,611,0,False,popularity,7,110,Braveheart (1995),False,40,42,0.75
usuario_nuevo,611,0,False,popularity,8,480,Jurassic Park (1993),False,40,42,0.75
usuario_nuevo,611,0,False,popularity,9,589,Terminator 2: Judgment Day (1991),False,40,42,0.75
usuario_nuevo,611,0,False,popularity,10,2959,Fight Club (1999),False,40,42,0.75
usuario_nuevo,611,0,False,content,1,356,Forrest Gump (1994),False,40,42,0.75
usuario_nuevo,611,0,False,content,2,318,"Shawshank Redemption, The (1994)",False,40,42,0.75
usuario_nuevo,611,0,False,content,3,296,Pulp Fiction (1994),False,40,42,0.75
usuario_nuevo,611,0,False,content,4,2571,"Matrix, The (1999)",False,40,42,0.75
usuario_nuevo,611,0,False,content,5,593,"Silence of the Lambs, The (1991)",False,40,42,0.75
usuario_nuevo,611,0,False,content,6,260,Star Wars: Episode IV - A New Hope (1977),False,40,42,0.75
usuario_nuevo,611,0,False,content,7,110,Braveheart (1995),False,40,42,0.75
usuario_nuevo,611,0,False,content,8,480,Jurassic Park (1993),False,40,42,0.75
usuario_nuevo,611,0,False,content,9,589,Terminator 2: Judgment Day (1991),False,40,42,0.75
usuario_nuevo,611,0,False,content,10,2959,Fight Club (1999),False,40,42,0.75
usuario_nuevo,611,0,False,collaborative,1,356,Forrest Gump (1994),False,40,42,0.75
usuario_nuevo,611,0,False,collaborative,2,318,"Shawshank Redemption, The (1994)",False,40,42,0.75
usuario_nuevo,611,0,False,collaborative,3,296,Pulp Fiction (1994),False,40,42,0.75
usuario_nuevo,611,0,False,collaborative,4,2571,"Matrix, The (1999)",False,40,42,0.75
usuario_nuevo,611,0,False,collaborative,5,593,"Silence of the Lambs, The (1991)",False,40,42,0.75
usuario_nuevo,611,0,False,collaborative,6,260,Star Wars: Episode IV - A New Hope (1977),False,40,42,0.75
usuario_nuevo,611,0,False,collaborative,7,110,Braveheart (1995),False,40,42,0.75
usuario_nuevo,611,0,False,collaborative,8,480,Jurassic Park (1993),False,40,42,0.75
usuario_nuevo,611,0,False,collaborative,9,589,Terminator 2: Judgment Day (1991),False,40,42,0.75
usuario_nuevo,611,0,False,collaborative,10,2959,Fight Club (1999),False,40,42,0.75
usuario_nuevo,611,0,False,hybrid,1,356,Forrest Gump (1994),False,40,42,0.75
usuario_nuevo,611,0,False,hybrid,2,318,"Shawshank Redemption, The (1994)",False,40,42,0.75
usuario_nuevo,611,0,False,hybrid,3,296,Pulp Fiction (1994),False,40,42,0.75
usuario_nuevo,611,0,False,hybrid,4,2571,"Matrix, The (1999)",False,40,42,0.75
usuario_nuevo,611,0,False,hybrid,5,593,"Silence of the Lambs, The (1991)",False,40,42,0.75
usuario_nuevo,611,0,False,hybrid,6,260,Star Wars: Episode IV - A New Hope (1977),False,40,42,0.75
usuario_nuevo,611,0,False,hybrid,7,110,Braveheart (1995),False,40,42,0.75
usuario_nuevo,611,0,False,hybrid,8,480,Jurassic Park (1993),False,40,42,0.75
usuario_nuevo,611,0,False,hybrid,9,589,Terminator 2: Judgment Day (1991),False,40,42,0.75
usuario_nuevo,611,0,False,hybrid,10,2959,Fight Club (1999),False,40,42,0.75
historial_amplio,414,2697,True,popularity,1,1258,"Shining, The (1980)",False,40,7,0.25
historial_amplio,414,2697,True,popularity,2,8368,Harry Potter and the Prisoner of Azkaban (2004),False,40,7,0.25
historial_amplio,414,2697,True,popularity,3,19,Ace Ventura: When Nature Calls (1995),False,40,7,0.25
historial_amplio,414,2697,True,popularity,4,2324,Life Is Beautiful (La Vita è bella) (1997),False,40,7,0.25
historial_amplio,414,2697,True,popularity,5,410,Addams Family Values (1993),False,40,7,0.25
historial_amplio,414,2697,True,popularity,6,1219,Psycho (1960),False,40,7,0.25
historial_amplio,414,2697,True,popularity,7,317,"Santa Clause, The (1994)",False,40,7,0.25
historial_amplio,414,2697,True,popularity,8,520,Robin Hood: Men in Tights (1993),False,40,7,0.25
historial_amplio,414,2697,True,popularity,9,74458,Shutter Island (2010),False,40,7,0.25
historial_amplio,414,2697,True,popularity,10,48385,Borat: Cultural Learnings of America for Make Benefit Glorious Nation of Kazakhstan (2006),False,40,7,0.25
historial_amplio,414,2697,True,content,1,92259,Intouchables (2011),False,40,7,0.25
historial_amplio,414,2697,True,content,2,272,"Madness of King George, The (1994)",False,40,7,0.25
historial_amplio,414,2697,True,content,3,2431,Patch Adams (1998),False,40,7,0.25
historial_amplio,414,2697,True,content,4,2352,"Big Chill, The (1983)",False,40,7,0.25
historial_amplio,414,2697,True,content,5,1958,Terms of Endearment (1983),False,40,7,0.25
historial_amplio,414,2697,True,content,6,34437,Broken Flowers (2005),False,40,7,0.25
historial_amplio,414,2697,True,content,7,1292,Being There (1979),False,40,7,0.25
historial_amplio,414,2697,True,content,8,371,"Paper, The (1994)",False,40,7,0.25
historial_amplio,414,2697,True,content,9,194,Smoke (1995),False,40,7,0.25
historial_amplio,414,2697,True,content,10,65230,Marley & Me (2008),False,40,7,0.25
historial_amplio,414,2697,True,collaborative,1,1203,12 Angry Men (1957),False,40,7,0.25
historial_amplio,414,2697,True,collaborative,2,2324,Life Is Beautiful (La Vita è bella) (1997),False,40,7,0.25
historial_amplio,414,2697,True,collaborative,3,1258,"Shining, The (1980)",False,40,7,0.25
historial_amplio,414,2697,True,collaborative,4,926,All About Eve (1950),False,40,7,0.25
historial_amplio,414,2697,True,collaborative,5,954,Mr. Smith Goes to Washington (1939),False,40,7,0.25
historial_amplio,414,2697,True,collaborative,6,898,"Philadelphia Story, The (1940)",False,40,7,0.25
historial_amplio,414,2697,True,collaborative,7,3681,For a Few Dollars More (Per qualche dollaro in più) (1965),False,40,7,0.25
historial_amplio,414,2697,True,collaborative,8,1219,Psycho (1960),False,40,7,0.25
historial_amplio,414,2697,True,collaborative,9,246,Hoop Dreams (1994),False,40,7,0.25
historial_amplio,414,2697,True,collaborative,10,1245,Miller's Crossing (1990),False,40,7,0.25
historial_amplio,414,2697,True,hybrid,1,1203,12 Angry Men (1957),False,40,7,0.25
historial_amplio,414,2697,True,hybrid,2,898,"Philadelphia Story, The (1940)",False,40,7,0.25
historial_amplio,414,2697,True,hybrid,3,92259,Intouchables (2011),False,40,7,0.25
historial_amplio,414,2697,True,hybrid,4,1244,Manhattan (1979),False,40,7,0.25
historial_amplio,414,2697,True,hybrid,5,1300,My Life as a Dog (Mitt liv som hund) (1985),False,40,7,0.25
historial_amplio,414,2697,True,hybrid,6,3310,"Kid, The (1921)",False,40,7,0.25
historial_amplio,414,2697,True,hybrid,7,3925,Stranger Than Paradise (1984),False,40,7,0.25
historial_amplio,414,2697,True,hybrid,8,2239,Swept Away (Travolti da un insolito destino nell'azzurro mare d'Agosto) (1975),False,40,7,0.25
historial_amplio,414,2697,True,hybrid,9,2324,Life Is Beautiful (La Vita è bella) (1997),False,40,7,0.25
historial_amplio,414,2697,True,hybrid,10,6993,Hannah and Her Sisters (1986),False,40,7,0.25
historial_pequeno,53,19,True,popularity,1,356,Forrest Gump (1994),False,40,7,0.25
historial_pequeno,53,19,True,popularity,2,318,"Shawshank Redemption, The (1994)",False,40,7,0.25
historial_pequeno,53,19,True,popularity,3,296,Pulp Fiction (1994),False,40,7,0.25
historial_pequeno,53,19,True,popularity,4,2571,"Matrix, The (1999)",False,40,7,0.25
historial_pequeno,53,19,True,popularity,5,593,"Silence of the Lambs, The (1991)",False,40,7,0.25
historial_pequeno,53,19,True,popularity,6,260,Star Wars: Episode IV - A New Hope (1977),False,40,7,0.25
historial_pequeno,53,19,True,popularity,7,110,Braveheart (1995),False,40,7,0.25
historial_pequeno,53,19,True,popularity,8,480,Jurassic Park (1993),False,40,7,0.25
historial_pequeno,53,19,True,popularity,9,589,Terminator 2: Judgment Day (1991),False,40,7,0.25
historial_pequeno,53,19,True,popularity,10,2959,Fight Club (1999),False,40,7,0.25
historial_pequeno,53,19,True,content,1,72142,Love Exposure (Ai No Mukidashi) (2008),False,40,7,0.25
historial_pequeno,53,19,True,content,2,539,Sleepless in Seattle (1993),False,40,7,0.25
historial_pequeno,53,19,True,content,3,1784,As Good as It Gets (1997),False,40,7,0.25
historial_pequeno,53,19,True,content,4,2396,Shakespeare in Love (1998),False,40,7,0.25
historial_pequeno,53,19,True,content,5,1247,"Graduate, The (1967)",False,40,7,0.25
historial_pequeno,53,19,True,content,6,3481,High Fidelity (2000),False,40,7,0.25
historial_pequeno,53,19,True,content,7,6711,Lost in Translation (2003),False,40,7,0.25
historial_pequeno,53,19,True,content,8,11,"American President, The (1995)",False,40,7,0.25
historial_pequeno,53,19,True,content,9,56367,Juno (2007),False,40,7,0.25
historial_pequeno,53,19,True,content,10,4246,Bridget Jones's Diary (2001),False,40,7,0.25
historial_pequeno,53,19,True,collaborative,1,43928,Ultraviolet (2006),False,40,7,0.25
historial_pequeno,53,19,True,collaborative,2,4254,Crocodile Dundee in Los Angeles (2001),False,40,7,0.25
historial_pequeno,53,19,True,collaborative,3,5585,Ernest Scared Stupid (1991),False,40,7,0.25
historial_pequeno,53,19,True,collaborative,4,95,Broken Arrow (1996),False,40,7,0.25
historial_pequeno,53,19,True,collaborative,5,1831,Lost in Space (1998),False,40,7,0.25
historial_pequeno,53,19,True,collaborative,6,2253,Toys (1992),False,40,7,0.25
historial_pequeno,53,19,True,collaborative,7,355,"Flintstones, The (1994)",False,40,7,0.25
historial_pequeno,53,19,True,collaborative,8,1644,I Know What You Did Last Summer (1997),False,40,7,0.25
historial_pequeno,53,19,True,collaborative,9,3593,Battlefield Earth (2000),False,40,7,0.25
historial_pequeno,53,19,True,collaborative,10,4374,Let It Snow (1999),False,40,7,0.25
historial_pequeno,53,19,True,hybrid,1,58,"Postman, The (Postino, Il) (1994)",False,40,7,0.25
historial_pequeno,53,19,True,hybrid,2,4254,Crocodile Dundee in Los Angeles (2001),False,40,7,0.25
historial_pequeno,53,19,True,hybrid,3,6596,"Divorce, Le (2003)",False,40,7,0.25
historial_pequeno,53,19,True,hybrid,4,6978,Slacker (1991),False,40,7,0.25
historial_pequeno,53,19,True,hybrid,5,272,"Madness of King George, The (1994)",False,40,7,0.25
historial_pequeno,53,19,True,hybrid,6,7184,This Property is Condemned (1966),False,40,7,0.25
historial_pequeno,53,19,True,hybrid,7,988,Grace of My Heart (1996),False,40,7,0.25
historial_pequeno,53,19,True,hybrid,8,168,First Knight (1995),False,40,7,0.25
historial_pequeno,53,19,True,hybrid,9,4374,Let It Snow (1999),False,40,7,0.25
historial_pequeno,53,19,True,hybrid,10,1721,Titanic (1997),False,40,7,0.25
usuario_nuevo,611,0,False,popularity,1,356,Forrest Gump (1994),False,40,7,0.25
usuario_nuevo,611,0,False,popularity,2,318,"Shawshank Redemption, The (1994)",False,40,7,0.25
usuario_nuevo,611,0,False,popularity,3,296,Pulp Fiction (1994),False,40,7,0.25
usuario_nuevo,611,0,False,popularity,4,2571,"Matrix, The (1999)",False,40,7,0.25
usuario_nuevo,611,0,False,popularity,5,593,"Silence of the Lambs, The (1991)",False,40,7,0.25
usuario_nuevo,611,0,False,popularity,6,260,Star Wars: Episode IV - A New Hope (1977),False,40,7,0.25
usuario_nuevo,611,0,False,popularity,7,110,Braveheart (1995),False,40,7,0.25
usuario_nuevo,611,0,False,popularity,8,480,Jurassic Park (1993),False,40,7,0.25
usuario_nuevo,611,0,False,popularity,9,589,Terminator 2: Judgment Day (1991),False,40,7,0.25
usuario_nuevo,611,0,False,popularity,10,2959,Fight Club (1999),False,40,7,0.25
usuario_nuevo,611,0,False,content,1,356,Forrest Gump (1994),False,40,7,0.25
usuario_nuevo,611,0,False,content,2,318,"Shawshank Redemption, The (1994)",False,40,7,0.25
usuario_nuevo,611,0,False,content,3,296,Pulp Fiction (1994),False,40,7,0.25
usuario_nuevo,611,0,False,content,4,2571,"Matrix, The (1999)",False,40,7,0.25
usuario_nuevo,611,0,False,content,5,593,"Silence of the Lambs, The (1991)",False,40,7,0.25
usuario_nuevo,611,0,False,content,6,260,Star Wars: Episode IV - A New Hope (1977),False,40,7,0.25
usuario_nuevo,611,0,False,content,7,110,Braveheart (1995),False,40,7,0.25
usuario_nuevo,611,0,False,content,8,480,Jurassic Park (1993),False,40,7,0.25
usuario_nuevo,611,0,False,content,9,589,Terminator 2: Judgment Day (1991),False,40,7,0.25
usuario_nuevo,611,0,False,content,10,2959,Fight Club (1999),False,40,7,0.25
usuario_nuevo,611,0,False,collaborative,1,356,Forrest Gump (1994),False,40,7,0.25
usuario_nuevo,611,0,False,collaborative,2,318,"Shawshank Redemption, The (1994)",False,40,7,0.25
usuario_nuevo,611,0,False,collaborative,3,296,Pulp Fiction (1994),False,40,7,0.25
usuario_nuevo,611,0,False,collaborative,4,2571,"Matrix, The (1999)",False,40,7,0.25
usuario_nuevo,611,0,False,collaborative,5,593,"Silence of the Lambs, The (1991)",False,40,7,0.25
usuario_nuevo,611,0,False,collaborative,6,260,Star Wars: Episode IV - A New Hope (1977),False,40,7,0.25
usuario_nuevo,611,0,False,collaborative,7,110,Braveheart (1995),False,40,7,0.25
usuario_nuevo,611,0,False,collaborative,8,480,Jurassic Park (1993),False,40,7,0.25
usuario_nuevo,611,0,False,collaborative,9,589,Terminator 2: Judgment Day (1991),False,40,7,0.25
usuario_nuevo,611,0,False,collaborative,10,2959,Fight Club (1999),False,40,7,0.25
usuario_nuevo,611,0,False,hybrid,1,356,Forrest Gump (1994),False,40,7,0.25
usuario_nuevo,611,0,False,hybrid,2,318,"Shawshank Redemption, The (1994)",False,40,7,0.25
usuario_nuevo,611,0,False,hybrid,3,296,Pulp Fiction (1994),False,40,7,0.25
usuario_nuevo,611,0,False,hybrid,4,2571,"Matrix, The (1999)",False,40,7,0.25
usuario_nuevo,611,0,False,hybrid,5,593,"Silence of the Lambs, The (1991)",False,40,7,0.25
usuario_nuevo,611,0,False,hybrid,6,260,Star Wars: Episode IV - A New Hope (1977),False,40,7,0.25
usuario_nuevo,611,0,False,hybrid,7,110,Braveheart (1995),False,40,7,0.25
usuario_nuevo,611,0,False,hybrid,8,480,Jurassic Park (1993),False,40,7,0.25
usuario_nuevo,611,0,False,hybrid,9,589,Terminator 2: Judgment Day (1991),False,40,7,0.25
usuario_nuevo,611,0,False,hybrid,10,2959,Fight Club (1999),False,40,7,0.25
historial_amplio,414,2697,True,popularity,1,1258,"Shining, The (1980)",False,40,7,0.5
historial_amplio,414,2697,True,popularity,2,8368,Harry Potter and the Prisoner of Azkaban (2004),False,40,7,0.5
historial_amplio,414,2697,True,popularity,3,19,Ace Ventura: When Nature Calls (1995),False,40,7,0.5
historial_amplio,414,2697,True,popularity,4,2324,Life Is Beautiful (La Vita è bella) (1997),False,40,7,0.5
historial_amplio,414,2697,True,popularity,5,410,Addams Family Values (1993),False,40,7,0.5
historial_amplio,414,2697,True,popularity,6,1219,Psycho (1960),False,40,7,0.5
historial_amplio,414,2697,True,popularity,7,317,"Santa Clause, The (1994)",False,40,7,0.5
historial_amplio,414,2697,True,popularity,8,520,Robin Hood: Men in Tights (1993),False,40,7,0.5
historial_amplio,414,2697,True,popularity,9,74458,Shutter Island (2010),False,40,7,0.5
historial_amplio,414,2697,True,popularity,10,48385,Borat: Cultural Learnings of America for Make Benefit Glorious Nation of Kazakhstan (2006),False,40,7,0.5
historial_amplio,414,2697,True,content,1,92259,Intouchables (2011),False,40,7,0.5
historial_amplio,414,2697,True,content,2,272,"Madness of King George, The (1994)",False,40,7,0.5
historial_amplio,414,2697,True,content,3,2431,Patch Adams (1998),False,40,7,0.5
historial_amplio,414,2697,True,content,4,2352,"Big Chill, The (1983)",False,40,7,0.5
historial_amplio,414,2697,True,content,5,1958,Terms of Endearment (1983),False,40,7,0.5
historial_amplio,414,2697,True,content,6,34437,Broken Flowers (2005),False,40,7,0.5
historial_amplio,414,2697,True,content,7,1292,Being There (1979),False,40,7,0.5
historial_amplio,414,2697,True,content,8,371,"Paper, The (1994)",False,40,7,0.5
historial_amplio,414,2697,True,content,9,194,Smoke (1995),False,40,7,0.5
historial_amplio,414,2697,True,content,10,65230,Marley & Me (2008),False,40,7,0.5
historial_amplio,414,2697,True,collaborative,1,1203,12 Angry Men (1957),False,40,7,0.5
historial_amplio,414,2697,True,collaborative,2,2324,Life Is Beautiful (La Vita è bella) (1997),False,40,7,0.5
historial_amplio,414,2697,True,collaborative,3,1258,"Shining, The (1980)",False,40,7,0.5
historial_amplio,414,2697,True,collaborative,4,926,All About Eve (1950),False,40,7,0.5
historial_amplio,414,2697,True,collaborative,5,954,Mr. Smith Goes to Washington (1939),False,40,7,0.5
historial_amplio,414,2697,True,collaborative,6,898,"Philadelphia Story, The (1940)",False,40,7,0.5
historial_amplio,414,2697,True,collaborative,7,3681,For a Few Dollars More (Per qualche dollaro in più) (1965),False,40,7,0.5
historial_amplio,414,2697,True,collaborative,8,1219,Psycho (1960),False,40,7,0.5
historial_amplio,414,2697,True,collaborative,9,246,Hoop Dreams (1994),False,40,7,0.5
historial_amplio,414,2697,True,collaborative,10,1245,Miller's Crossing (1990),False,40,7,0.5
historial_amplio,414,2697,True,hybrid,1,1203,12 Angry Men (1957),False,40,7,0.5
historial_amplio,414,2697,True,hybrid,2,2324,Life Is Beautiful (La Vita è bella) (1997),False,40,7,0.5
historial_amplio,414,2697,True,hybrid,3,898,"Philadelphia Story, The (1940)",False,40,7,0.5
historial_amplio,414,2697,True,hybrid,4,926,All About Eve (1950),False,40,7,0.5
historial_amplio,414,2697,True,hybrid,5,954,Mr. Smith Goes to Washington (1939),False,40,7,0.5
historial_amplio,414,2697,True,hybrid,6,1244,Manhattan (1979),False,40,7,0.5
historial_amplio,414,2697,True,hybrid,7,92259,Intouchables (2011),False,40,7,0.5
historial_amplio,414,2697,True,hybrid,8,1300,My Life as a Dog (Mitt liv som hund) (1985),False,40,7,0.5
historial_amplio,414,2697,True,hybrid,9,3310,"Kid, The (1921)",False,40,7,0.5
historial_amplio,414,2697,True,hybrid,10,6993,Hannah and Her Sisters (1986),False,40,7,0.5
historial_pequeno,53,19,True,popularity,1,356,Forrest Gump (1994),False,40,7,0.5
historial_pequeno,53,19,True,popularity,2,318,"Shawshank Redemption, The (1994)",False,40,7,0.5
historial_pequeno,53,19,True,popularity,3,296,Pulp Fiction (1994),False,40,7,0.5
historial_pequeno,53,19,True,popularity,4,2571,"Matrix, The (1999)",False,40,7,0.5
historial_pequeno,53,19,True,popularity,5,593,"Silence of the Lambs, The (1991)",False,40,7,0.5
historial_pequeno,53,19,True,popularity,6,260,Star Wars: Episode IV - A New Hope (1977),False,40,7,0.5
historial_pequeno,53,19,True,popularity,7,110,Braveheart (1995),False,40,7,0.5
historial_pequeno,53,19,True,popularity,8,480,Jurassic Park (1993),False,40,7,0.5
historial_pequeno,53,19,True,popularity,9,589,Terminator 2: Judgment Day (1991),False,40,7,0.5
historial_pequeno,53,19,True,popularity,10,2959,Fight Club (1999),False,40,7,0.5
historial_pequeno,53,19,True,content,1,72142,Love Exposure (Ai No Mukidashi) (2008),False,40,7,0.5
historial_pequeno,53,19,True,content,2,539,Sleepless in Seattle (1993),False,40,7,0.5
historial_pequeno,53,19,True,content,3,1784,As Good as It Gets (1997),False,40,7,0.5
historial_pequeno,53,19,True,content,4,2396,Shakespeare in Love (1998),False,40,7,0.5
historial_pequeno,53,19,True,content,5,1247,"Graduate, The (1967)",False,40,7,0.5
historial_pequeno,53,19,True,content,6,3481,High Fidelity (2000),False,40,7,0.5
historial_pequeno,53,19,True,content,7,6711,Lost in Translation (2003),False,40,7,0.5
historial_pequeno,53,19,True,content,8,11,"American President, The (1995)",False,40,7,0.5
historial_pequeno,53,19,True,content,9,56367,Juno (2007),False,40,7,0.5
historial_pequeno,53,19,True,content,10,4246,Bridget Jones's Diary (2001),False,40,7,0.5
historial_pequeno,53,19,True,collaborative,1,43928,Ultraviolet (2006),False,40,7,0.5
historial_pequeno,53,19,True,collaborative,2,4254,Crocodile Dundee in Los Angeles (2001),False,40,7,0.5
historial_pequeno,53,19,True,collaborative,3,5585,Ernest Scared Stupid (1991),False,40,7,0.5
historial_pequeno,53,19,True,collaborative,4,95,Broken Arrow (1996),False,40,7,0.5
historial_pequeno,53,19,True,collaborative,5,1831,Lost in Space (1998),False,40,7,0.5
historial_pequeno,53,19,True,collaborative,6,2253,Toys (1992),False,40,7,0.5
historial_pequeno,53,19,True,collaborative,7,355,"Flintstones, The (1994)",False,40,7,0.5
historial_pequeno,53,19,True,collaborative,8,1644,I Know What You Did Last Summer (1997),False,40,7,0.5
historial_pequeno,53,19,True,collaborative,9,3593,Battlefield Earth (2000),False,40,7,0.5
historial_pequeno,53,19,True,collaborative,10,4374,Let It Snow (1999),False,40,7,0.5
historial_pequeno,53,19,True,hybrid,1,4254,Crocodile Dundee in Los Angeles (2001),False,40,7,0.5
historial_pequeno,53,19,True,hybrid,2,58,"Postman, The (Postino, Il) (1994)",False,40,7,0.5
historial_pequeno,53,19,True,hybrid,3,43928,Ultraviolet (2006),False,40,7,0.5
historial_pequeno,53,19,True,hybrid,4,7184,This Property is Condemned (1966),False,40,7,0.5
historial_pequeno,53,19,True,hybrid,5,4374,Let It Snow (1999),False,40,7,0.5
historial_pequeno,53,19,True,hybrid,6,6978,Slacker (1991),False,40,7,0.5
historial_pequeno,53,19,True,hybrid,7,5585,Ernest Scared Stupid (1991),False,40,7,0.5
historial_pequeno,53,19,True,hybrid,8,6596,"Divorce, Le (2003)",False,40,7,0.5
historial_pequeno,53,19,True,hybrid,9,168,First Knight (1995),False,40,7,0.5
historial_pequeno,53,19,True,hybrid,10,272,"Madness of King George, The (1994)",False,40,7,0.5
usuario_nuevo,611,0,False,popularity,1,356,Forrest Gump (1994),False,40,7,0.5
usuario_nuevo,611,0,False,popularity,2,318,"Shawshank Redemption, The (1994)",False,40,7,0.5
usuario_nuevo,611,0,False,popularity,3,296,Pulp Fiction (1994),False,40,7,0.5
usuario_nuevo,611,0,False,popularity,4,2571,"Matrix, The (1999)",False,40,7,0.5
usuario_nuevo,611,0,False,popularity,5,593,"Silence of the Lambs, The (1991)",False,40,7,0.5
usuario_nuevo,611,0,False,popularity,6,260,Star Wars: Episode IV - A New Hope (1977),False,40,7,0.5
usuario_nuevo,611,0,False,popularity,7,110,Braveheart (1995),False,40,7,0.5
usuario_nuevo,611,0,False,popularity,8,480,Jurassic Park (1993),False,40,7,0.5
usuario_nuevo,611,0,False,popularity,9,589,Terminator 2: Judgment Day (1991),False,40,7,0.5
usuario_nuevo,611,0,False,popularity,10,2959,Fight Club (1999),False,40,7,0.5
usuario_nuevo,611,0,False,content,1,356,Forrest Gump (1994),False,40,7,0.5
usuario_nuevo,611,0,False,content,2,318,"Shawshank Redemption, The (1994)",False,40,7,0.5
usuario_nuevo,611,0,False,content,3,296,Pulp Fiction (1994),False,40,7,0.5
usuario_nuevo,611,0,False,content,4,2571,"Matrix, The (1999)",False,40,7,0.5
usuario_nuevo,611,0,False,content,5,593,"Silence of the Lambs, The (1991)",False,40,7,0.5
usuario_nuevo,611,0,False,content,6,260,Star Wars: Episode IV - A New Hope (1977),False,40,7,0.5
usuario_nuevo,611,0,False,content,7,110,Braveheart (1995),False,40,7,0.5
usuario_nuevo,611,0,False,content,8,480,Jurassic Park (1993),False,40,7,0.5
usuario_nuevo,611,0,False,content,9,589,Terminator 2: Judgment Day (1991),False,40,7,0.5
usuario_nuevo,611,0,False,content,10,2959,Fight Club (1999),False,40,7,0.5
usuario_nuevo,611,0,False,collaborative,1,356,Forrest Gump (1994),False,40,7,0.5
usuario_nuevo,611,0,False,collaborative,2,318,"Shawshank Redemption, The (1994)",False,40,7,0.5
usuario_nuevo,611,0,False,collaborative,3,296,Pulp Fiction (1994),False,40,7,0.5
usuario_nuevo,611,0,False,collaborative,4,2571,"Matrix, The (1999)",False,40,7,0.5
usuario_nuevo,611,0,False,collaborative,5,593,"Silence of the Lambs, The (1991)",False,40,7,0.5
usuario_nuevo,611,0,False,collaborative,6,260,Star Wars: Episode IV - A New Hope (1977),False,40,7,0.5
usuario_nuevo,611,0,False,collaborative,7,110,Braveheart (1995),False,40,7,0.5
usuario_nuevo,611,0,False,collaborative,8,480,Jurassic Park (1993),False,40,7,0.5
usuario_nuevo,611,0,False,collaborative,9,589,Terminator 2: Judgment Day (1991),False,40,7,0.5
usuario_nuevo,611,0,False,collaborative,10,2959,Fight Club (1999),False,40,7,0.5
usuario_nuevo,611,0,False,hybrid,1,356,Forrest Gump (1994),False,40,7,0.5
usuario_nuevo,611,0,False,hybrid,2,318,"Shawshank Redemption, The (1994)",False,40,7,0.5
usuario_nuevo,611,0,False,hybrid,3,296,Pulp Fiction (1994),False,40,7,0.5
usuario_nuevo,611,0,False,hybrid,4,2571,"Matrix, The (1999)",False,40,7,0.5
usuario_nuevo,611,0,False,hybrid,5,593,"Silence of the Lambs, The (1991)",False,40,7,0.5
usuario_nuevo,611,0,False,hybrid,6,260,Star Wars: Episode IV - A New Hope (1977),False,40,7,0.5
usuario_nuevo,611,0,False,hybrid,7,110,Braveheart (1995),False,40,7,0.5
usuario_nuevo,611,0,False,hybrid,8,480,Jurassic Park (1993),False,40,7,0.5
usuario_nuevo,611,0,False,hybrid,9,589,Terminator 2: Judgment Day (1991),False,40,7,0.5
usuario_nuevo,611,0,False,hybrid,10,2959,Fight Club (1999),False,40,7,0.5
historial_amplio,414,2697,True,popularity,1,1258,"Shining, The (1980)",False,40,7,0.75
historial_amplio,414,2697,True,popularity,2,8368,Harry Potter and the Prisoner of Azkaban (2004),False,40,7,0.75
historial_amplio,414,2697,True,popularity,3,19,Ace Ventura: When Nature Calls (1995),False,40,7,0.75
historial_amplio,414,2697,True,popularity,4,2324,Life Is Beautiful (La Vita è bella) (1997),False,40,7,0.75
historial_amplio,414,2697,True,popularity,5,410,Addams Family Values (1993),False,40,7,0.75
historial_amplio,414,2697,True,popularity,6,1219,Psycho (1960),False,40,7,0.75
historial_amplio,414,2697,True,popularity,7,317,"Santa Clause, The (1994)",False,40,7,0.75
historial_amplio,414,2697,True,popularity,8,520,Robin Hood: Men in Tights (1993),False,40,7,0.75
historial_amplio,414,2697,True,popularity,9,74458,Shutter Island (2010),False,40,7,0.75
historial_amplio,414,2697,True,popularity,10,48385,Borat: Cultural Learnings of America for Make Benefit Glorious Nation of Kazakhstan (2006),False,40,7,0.75
historial_amplio,414,2697,True,content,1,92259,Intouchables (2011),False,40,7,0.75
historial_amplio,414,2697,True,content,2,272,"Madness of King George, The (1994)",False,40,7,0.75
historial_amplio,414,2697,True,content,3,2431,Patch Adams (1998),False,40,7,0.75
historial_amplio,414,2697,True,content,4,2352,"Big Chill, The (1983)",False,40,7,0.75
historial_amplio,414,2697,True,content,5,1958,Terms of Endearment (1983),False,40,7,0.75
historial_amplio,414,2697,True,content,6,34437,Broken Flowers (2005),False,40,7,0.75
historial_amplio,414,2697,True,content,7,1292,Being There (1979),False,40,7,0.75
historial_amplio,414,2697,True,content,8,371,"Paper, The (1994)",False,40,7,0.75
historial_amplio,414,2697,True,content,9,194,Smoke (1995),False,40,7,0.75
historial_amplio,414,2697,True,content,10,65230,Marley & Me (2008),False,40,7,0.75
historial_amplio,414,2697,True,collaborative,1,1203,12 Angry Men (1957),False,40,7,0.75
historial_amplio,414,2697,True,collaborative,2,2324,Life Is Beautiful (La Vita è bella) (1997),False,40,7,0.75
historial_amplio,414,2697,True,collaborative,3,1258,"Shining, The (1980)",False,40,7,0.75
historial_amplio,414,2697,True,collaborative,4,926,All About Eve (1950),False,40,7,0.75
historial_amplio,414,2697,True,collaborative,5,954,Mr. Smith Goes to Washington (1939),False,40,7,0.75
historial_amplio,414,2697,True,collaborative,6,898,"Philadelphia Story, The (1940)",False,40,7,0.75
historial_amplio,414,2697,True,collaborative,7,3681,For a Few Dollars More (Per qualche dollaro in più) (1965),False,40,7,0.75
historial_amplio,414,2697,True,collaborative,8,1219,Psycho (1960),False,40,7,0.75
historial_amplio,414,2697,True,collaborative,9,246,Hoop Dreams (1994),False,40,7,0.75
historial_amplio,414,2697,True,collaborative,10,1245,Miller's Crossing (1990),False,40,7,0.75
historial_amplio,414,2697,True,hybrid,1,1203,12 Angry Men (1957),False,40,7,0.75
historial_amplio,414,2697,True,hybrid,2,2324,Life Is Beautiful (La Vita è bella) (1997),False,40,7,0.75
historial_amplio,414,2697,True,hybrid,3,898,"Philadelphia Story, The (1940)",False,40,7,0.75
historial_amplio,414,2697,True,hybrid,4,926,All About Eve (1950),False,40,7,0.75
historial_amplio,414,2697,True,hybrid,5,954,Mr. Smith Goes to Washington (1939),False,40,7,0.75
historial_amplio,414,2697,True,hybrid,6,1244,Manhattan (1979),False,40,7,0.75
historial_amplio,414,2697,True,hybrid,7,92259,Intouchables (2011),False,40,7,0.75
historial_amplio,414,2697,True,hybrid,8,3681,For a Few Dollars More (Per qualche dollaro in più) (1965),False,40,7,0.75
historial_amplio,414,2697,True,hybrid,9,1287,Ben-Hur (1959),False,40,7,0.75
historial_amplio,414,2697,True,hybrid,10,1230,Annie Hall (1977),False,40,7,0.75
historial_pequeno,53,19,True,popularity,1,356,Forrest Gump (1994),False,40,7,0.75
historial_pequeno,53,19,True,popularity,2,318,"Shawshank Redemption, The (1994)",False,40,7,0.75
historial_pequeno,53,19,True,popularity,3,296,Pulp Fiction (1994),False,40,7,0.75
historial_pequeno,53,19,True,popularity,4,2571,"Matrix, The (1999)",False,40,7,0.75
historial_pequeno,53,19,True,popularity,5,593,"Silence of the Lambs, The (1991)",False,40,7,0.75
historial_pequeno,53,19,True,popularity,6,260,Star Wars: Episode IV - A New Hope (1977),False,40,7,0.75
historial_pequeno,53,19,True,popularity,7,110,Braveheart (1995),False,40,7,0.75
historial_pequeno,53,19,True,popularity,8,480,Jurassic Park (1993),False,40,7,0.75
historial_pequeno,53,19,True,popularity,9,589,Terminator 2: Judgment Day (1991),False,40,7,0.75
historial_pequeno,53,19,True,popularity,10,2959,Fight Club (1999),False,40,7,0.75
historial_pequeno,53,19,True,content,1,72142,Love Exposure (Ai No Mukidashi) (2008),False,40,7,0.75
historial_pequeno,53,19,True,content,2,539,Sleepless in Seattle (1993),False,40,7,0.75
historial_pequeno,53,19,True,content,3,1784,As Good as It Gets (1997),False,40,7,0.75
historial_pequeno,53,19,True,content,4,2396,Shakespeare in Love (1998),False,40,7,0.75
historial_pequeno,53,19,True,content,5,1247,"Graduate, The (1967)",False,40,7,0.75
historial_pequeno,53,19,True,content,6,3481,High Fidelity (2000),False,40,7,0.75
historial_pequeno,53,19,True,content,7,6711,Lost in Translation (2003),False,40,7,0.75
historial_pequeno,53,19,True,content,8,11,"American President, The (1995)",False,40,7,0.75
historial_pequeno,53,19,True,content,9,56367,Juno (2007),False,40,7,0.75
historial_pequeno,53,19,True,content,10,4246,Bridget Jones's Diary (2001),False,40,7,0.75
historial_pequeno,53,19,True,collaborative,1,43928,Ultraviolet (2006),False,40,7,0.75
historial_pequeno,53,19,True,collaborative,2,4254,Crocodile Dundee in Los Angeles (2001),False,40,7,0.75
historial_pequeno,53,19,True,collaborative,3,5585,Ernest Scared Stupid (1991),False,40,7,0.75
historial_pequeno,53,19,True,collaborative,4,95,Broken Arrow (1996),False,40,7,0.75
historial_pequeno,53,19,True,collaborative,5,1831,Lost in Space (1998),False,40,7,0.75
historial_pequeno,53,19,True,collaborative,6,2253,Toys (1992),False,40,7,0.75
historial_pequeno,53,19,True,collaborative,7,355,"Flintstones, The (1994)",False,40,7,0.75
historial_pequeno,53,19,True,collaborative,8,1644,I Know What You Did Last Summer (1997),False,40,7,0.75
historial_pequeno,53,19,True,collaborative,9,3593,Battlefield Earth (2000),False,40,7,0.75
historial_pequeno,53,19,True,collaborative,10,4374,Let It Snow (1999),False,40,7,0.75
historial_pequeno,53,19,True,hybrid,1,43928,Ultraviolet (2006),False,40,7,0.75
historial_pequeno,53,19,True,hybrid,2,4254,Crocodile Dundee in Los Angeles (2001),False,40,7,0.75
historial_pequeno,53,19,True,hybrid,3,5585,Ernest Scared Stupid (1991),False,40,7,0.75
historial_pequeno,53,19,True,hybrid,4,58,"Postman, The (Postino, Il) (1994)",False,40,7,0.75
historial_pequeno,53,19,True,hybrid,5,95,Broken Arrow (1996),False,40,7,0.75
historial_pequeno,53,19,True,hybrid,6,4374,Let It Snow (1999),False,40,7,0.75
historial_pequeno,53,19,True,hybrid,7,7184,This Property is Condemned (1966),False,40,7,0.75
historial_pequeno,53,19,True,hybrid,8,1831,Lost in Space (1998),False,40,7,0.75
historial_pequeno,53,19,True,hybrid,9,2253,Toys (1992),False,40,7,0.75
historial_pequeno,53,19,True,hybrid,10,3593,Battlefield Earth (2000),False,40,7,0.75
usuario_nuevo,611,0,False,popularity,1,356,Forrest Gump (1994),False,40,7,0.75
usuario_nuevo,611,0,False,popularity,2,318,"Shawshank Redemption, The (1994)",False,40,7,0.75
usuario_nuevo,611,0,False,popularity,3,296,Pulp Fiction (1994),False,40,7,0.75
usuario_nuevo,611,0,False,popularity,4,2571,"Matrix, The (1999)",False,40,7,0.75
usuario_nuevo,611,0,False,popularity,5,593,"Silence of the Lambs, The (1991)",False,40,7,0.75
usuario_nuevo,611,0,False,popularity,6,260,Star Wars: Episode IV - A New Hope (1977),False,40,7,0.75
usuario_nuevo,611,0,False,popularity,7,110,Braveheart (1995),False,40,7,0.75
usuario_nuevo,611,0,False,popularity,8,480,Jurassic Park (1993),False,40,7,0.75
usuario_nuevo,611,0,False,popularity,9,589,Terminator 2: Judgment Day (1991),False,40,7,0.75
usuario_nuevo,611,0,False,popularity,10,2959,Fight Club (1999),False,40,7,0.75
usuario_nuevo,611,0,False,content,1,356,Forrest Gump (1994),False,40,7,0.75
usuario_nuevo,611,0,False,content,2,318,"Shawshank Redemption, The (1994)",False,40,7,0.75
usuario_nuevo,611,0,False,content,3,296,Pulp Fiction (1994),False,40,7,0.75
usuario_nuevo,611,0,False,content,4,2571,"Matrix, The (1999)",False,40,7,0.75
usuario_nuevo,611,0,False,content,5,593,"Silence of the Lambs, The (1991)",False,40,7,0.75
usuario_nuevo,611,0,False,content,6,260,Star Wars: Episode IV - A New Hope (1977),False,40,7,0.75
usuario_nuevo,611,0,False,content,7,110,Braveheart (1995),False,40,7,0.75
usuario_nuevo,611,0,False,content,8,480,Jurassic Park (1993),False,40,7,0.75
usuario_nuevo,611,0,False,content,9,589,Terminator 2: Judgment Day (1991),False,40,7,0.75
usuario_nuevo,611,0,False,content,10,2959,Fight Club (1999),False,40,7,0.75
usuario_nuevo,611,0,False,collaborative,1,356,Forrest Gump (1994),False,40,7,0.75
usuario_nuevo,611,0,False,collaborative,2,318,"Shawshank Redemption, The (1994)",False,40,7,0.75
usuario_nuevo,611,0,False,collaborative,3,296,Pulp Fiction (1994),False,40,7,0.75
usuario_nuevo,611,0,False,collaborative,4,2571,"Matrix, The (1999)",False,40,7,0.75
usuario_nuevo,611,0,False,collaborative,5,593,"Silence of the Lambs, The (1991)",False,40,7,0.75
usuario_nuevo,611,0,False,collaborative,6,260,Star Wars: Episode IV - A New Hope (1977),False,40,7,0.75
usuario_nuevo,611,0,False,collaborative,7,110,Braveheart (1995),False,40,7,0.75
usuario_nuevo,611,0,False,collaborative,8,480,Jurassic Park (1993),False,40,7,0.75
usuario_nuevo,611,0,False,collaborative,9,589,Terminator 2: Judgment Day (1991),False,40,7,0.75
usuario_nuevo,611,0,False,collaborative,10,2959,Fight Club (1999),False,40,7,0.75
usuario_nuevo,611,0,False,hybrid,1,356,Forrest Gump (1994),False,40,7,0.75
usuario_nuevo,611,0,False,hybrid,2,318,"Shawshank Redemption, The (1994)",False,40,7,0.75
usuario_nuevo,611,0,False,hybrid,3,296,Pulp Fiction (1994),False,40,7,0.75
usuario_nuevo,611,0,False,hybrid,4,2571,"Matrix, The (1999)",False,40,7,0.75
usuario_nuevo,611,0,False,hybrid,5,593,"Silence of the Lambs, The (1991)",False,40,7,0.75
usuario_nuevo,611,0,False,hybrid,6,260,Star Wars: Episode IV - A New Hope (1977),False,40,7,0.75
usuario_nuevo,611,0,False,hybrid,7,110,Braveheart (1995),False,40,7,0.75
usuario_nuevo,611,0,False,hybrid,8,480,Jurassic Park (1993),False,40,7,0.75
usuario_nuevo,611,0,False,hybrid,9,589,Terminator 2: Judgment Day (1991),False,40,7,0.75
usuario_nuevo,611,0,False,hybrid,10,2959,Fight Club (1999),False,40,7,0.75
historial_amplio,414,2697,True,popularity,1,1258,"Shining, The (1980)",False,40,123,0.25
historial_amplio,414,2697,True,popularity,2,8368,Harry Potter and the Prisoner of Azkaban (2004),False,40,123,0.25
historial_amplio,414,2697,True,popularity,3,19,Ace Ventura: When Nature Calls (1995),False,40,123,0.25
historial_amplio,414,2697,True,popularity,4,2324,Life Is Beautiful (La Vita è bella) (1997),False,40,123,0.25
historial_amplio,414,2697,True,popularity,5,410,Addams Family Values (1993),False,40,123,0.25
historial_amplio,414,2697,True,popularity,6,1219,Psycho (1960),False,40,123,0.25
historial_amplio,414,2697,True,popularity,7,317,"Santa Clause, The (1994)",False,40,123,0.25
historial_amplio,414,2697,True,popularity,8,520,Robin Hood: Men in Tights (1993),False,40,123,0.25
historial_amplio,414,2697,True,popularity,9,74458,Shutter Island (2010),False,40,123,0.25
historial_amplio,414,2697,True,popularity,10,48385,Borat: Cultural Learnings of America for Make Benefit Glorious Nation of Kazakhstan (2006),False,40,123,0.25
historial_amplio,414,2697,True,content,1,92259,Intouchables (2011),False,40,123,0.25
historial_amplio,414,2697,True,content,2,272,"Madness of King George, The (1994)",False,40,123,0.25
historial_amplio,414,2697,True,content,3,2431,Patch Adams (1998),False,40,123,0.25
historial_amplio,414,2697,True,content,4,2352,"Big Chill, The (1983)",False,40,123,0.25
historial_amplio,414,2697,True,content,5,1958,Terms of Endearment (1983),False,40,123,0.25
historial_amplio,414,2697,True,content,6,34437,Broken Flowers (2005),False,40,123,0.25
historial_amplio,414,2697,True,content,7,1292,Being There (1979),False,40,123,0.25
historial_amplio,414,2697,True,content,8,371,"Paper, The (1994)",False,40,123,0.25
historial_amplio,414,2697,True,content,9,194,Smoke (1995),False,40,123,0.25
historial_amplio,414,2697,True,content,10,65230,Marley & Me (2008),False,40,123,0.25
historial_amplio,414,2697,True,collaborative,1,1203,12 Angry Men (1957),False,40,123,0.25
historial_amplio,414,2697,True,collaborative,2,2324,Life Is Beautiful (La Vita è bella) (1997),False,40,123,0.25
historial_amplio,414,2697,True,collaborative,3,246,Hoop Dreams (1994),False,40,123,0.25
historial_amplio,414,2697,True,collaborative,4,74458,Shutter Island (2010),False,40,123,0.25
historial_amplio,414,2697,True,collaborative,5,1230,Annie Hall (1977),False,40,123,0.25
historial_amplio,414,2697,True,collaborative,6,914,My Fair Lady (1964),False,40,123,0.25
historial_amplio,414,2697,True,collaborative,7,1219,Psycho (1960),False,40,123,0.25
historial_amplio,414,2697,True,collaborative,8,898,"Philadelphia Story, The (1940)",False,40,123,0.25
historial_amplio,414,2697,True,collaborative,9,1258,"Shining, The (1980)",False,40,123,0.25
historial_amplio,414,2697,True,collaborative,10,44555,"Lives of Others, The (Das leben der Anderen) (2006)",False,40,123,0.25
historial_amplio,414,2697,True,hybrid,1,1203,12 Angry Men (1957),False,40,123,0.25
historial_amplio,414,2697,True,hybrid,2,92259,Intouchables (2011),False,40,123,0.25
historial_amplio,414,2697,True,hybrid,3,898,"Philadelphia Story, The (1940)",False,40,123,0.25
historial_amplio,414,2697,True,hybrid,4,1244,Manhattan (1979),False,40,123,0.25
historial_amplio,414,2697,True,hybrid,5,1734,My Life in Pink (Ma vie en rose) (1997),False,40,123,0.25
historial_amplio,414,2697,True,hybrid,6,47491,Adam's Apples (Adams æbler) (2005),False,40,123,0.25
historial_amplio,414,2697,True,hybrid,7,2324,Life Is Beautiful (La Vita è bella) (1997),False,40,123,0.25
historial_amplio,414,2697,True,hybrid,8,3462,Modern Times (1936),False,40,123,0.25
historial_amplio,414,2697,True,hybrid,9,58,"Postman, The (Postino, Il) (1994)",False,40,123,0.25
historial_amplio,414,2697,True,hybrid,10,3307,City Lights (1931),False,40,123,0.25
historial_pequeno,53,19,True,popularity,1,356,Forrest Gump (1994),False,40,123,0.25
historial_pequeno,53,19,True,popularity,2,318,"Shawshank Redemption, The (1994)",False,40,123,0.25
historial_pequeno,53,19,True,popularity,3,296,Pulp Fiction (1994),False,40,123,0.25
historial_pequeno,53,19,True,popularity,4,2571,"Matrix, The (1999)",False,40,123,0.25
historial_pequeno,53,19,True,popularity,5,593,"Silence of the Lambs, The (1991)",False,40,123,0.25
historial_pequeno,53,19,True,popularity,6,260,Star Wars: Episode IV - A New Hope (1977),False,40,123,0.25
historial_pequeno,53,19,True,popularity,7,110,Braveheart (1995),False,40,123,0.25
historial_pequeno,53,19,True,popularity,8,480,Jurassic Park (1993),False,40,123,0.25
historial_pequeno,53,19,True,popularity,9,589,Terminator 2: Judgment Day (1991),False,40,123,0.25
historial_pequeno,53,19,True,popularity,10,2959,Fight Club (1999),False,40,123,0.25
historial_pequeno,53,19,True,content,1,72142,Love Exposure (Ai No Mukidashi) (2008),False,40,123,0.25
historial_pequeno,53,19,True,content,2,539,Sleepless in Seattle (1993),False,40,123,0.25
historial_pequeno,53,19,True,content,3,1784,As Good as It Gets (1997),False,40,123,0.25
historial_pequeno,53,19,True,content,4,2396,Shakespeare in Love (1998),False,40,123,0.25
historial_pequeno,53,19,True,content,5,1247,"Graduate, The (1967)",False,40,123,0.25
historial_pequeno,53,19,True,content,6,3481,High Fidelity (2000),False,40,123,0.25
historial_pequeno,53,19,True,content,7,6711,Lost in Translation (2003),False,40,123,0.25
historial_pequeno,53,19,True,content,8,11,"American President, The (1995)",False,40,123,0.25
historial_pequeno,53,19,True,content,9,56367,Juno (2007),False,40,123,0.25
historial_pequeno,53,19,True,content,10,4246,Bridget Jones's Diary (2001),False,40,123,0.25
historial_pequeno,53,19,True,collaborative,1,4015,"Dude, Where's My Car? (2000)",False,40,123,0.25
historial_pequeno,53,19,True,collaborative,2,2006,"Mask of Zorro, The (1998)",False,40,123,0.25
historial_pequeno,53,19,True,collaborative,3,3623,Mission: Impossible II (2000),False,40,123,0.25
historial_pequeno,53,19,True,collaborative,4,5481,Austin Powers in Goldmember (2002),False,40,123,0.25
historial_pequeno,53,19,True,collaborative,5,2710,"Blair Witch Project, The (1999)",False,40,123,0.25
historial_pequeno,53,19,True,collaborative,6,3882,Bring It On (2000),False,40,123,0.25
historial_pequeno,53,19,True,collaborative,7,432,City Slickers II: The Legend of Curly's Gold (1994),False,40,123,0.25
historial_pequeno,53,19,True,collaborative,8,317,"Santa Clause, The (1994)",False,40,123,0.25
historial_pequeno,53,19,True,collaborative,9,2411,Rocky IV (1985),False,40,123,0.25
historial_pequeno,53,19,True,collaborative,10,160,Congo (1995),False,40,123,0.25
historial_pequeno,53,19,True,hybrid,1,500,Mrs. Doubtfire (1993),False,40,123,0.25
historial_pequeno,53,19,True,hybrid,2,2006,"Mask of Zorro, The (1998)",False,40,123,0.25
historial_pequeno,53,19,True,hybrid,3,56367,Juno (2007),False,40,123,0.25
historial_pequeno,53,19,True,hybrid,4,26147,"Thousand Clowns, A (1965)",False,40,123,0.25
historial_pequeno,53,19,True,hybrid,5,3825,Coyote Ugly (2000),False,40,123,0.25
historial_pequeno,53,19,True,hybrid,6,2395,Rushmore (1998),False,40,123,0.25
historial_pequeno,53,19,True,hybrid,7,1393,Jerry Maguire (1996),False,40,123,0.25
historial_pequeno,53,19,True,hybrid,8,2411,Rocky IV (1985),False,40,123,0.25
historial_pequeno,53,19,True,hybrid,9,168,First Knight (1995),False,40,123,0.25
historial_pequeno,53,19,True,hybrid,10,5943,Maid in Manhattan (2002),False,40,123,0.25
usuario_nuevo,611,0,False,popularity,1,356,Forrest Gump (1994),False,40,123,0.25
usuario_nuevo,611,0,False,popularity,2,318,"Shawshank Redemption, The (1994)",False,40,123,0.25
usuario_nuevo,611,0,False,popularity,3,296,Pulp Fiction (1994),False,40,123,0.25
usuario_nuevo,611,0,False,popularity,4,2571,"Matrix, The (1999)",False,40,123,0.25
usuario_nuevo,611,0,False,popularity,5,593,"Silence of the Lambs, The (1991)",False,40,123,0.25
usuario_nuevo,611,0,False,popularity,6,260,Star Wars: Episode IV - A New Hope (1977),False,40,123,0.25
usuario_nuevo,611,0,False,popularity,7,110,Braveheart (1995),False,40,123,0.25
usuario_nuevo,611,0,False,popularity,8,480,Jurassic Park (1993),False,40,123,0.25
usuario_nuevo,611,0,False,popularity,9,589,Terminator 2: Judgment Day (1991),False,40,123,0.25
usuario_nuevo,611,0,False,popularity,10,2959,Fight Club (1999),False,40,123,0.25
usuario_nuevo,611,0,False,content,1,356,Forrest Gump (1994),False,40,123,0.25
usuario_nuevo,611,0,False,content,2,318,"Shawshank Redemption, The (1994)",False,40,123,0.25
usuario_nuevo,611,0,False,content,3,296,Pulp Fiction (1994),False,40,123,0.25
usuario_nuevo,611,0,False,content,4,2571,"Matrix, The (1999)",False,40,123,0.25
usuario_nuevo,611,0,False,content,5,593,"Silence of the Lambs, The (1991)",False,40,123,0.25
usuario_nuevo,611,0,False,content,6,260,Star Wars: Episode IV - A New Hope (1977),False,40,123,0.25
usuario_nuevo,611,0,False,content,7,110,Braveheart (1995),False,40,123,0.25
usuario_nuevo,611,0,False,content,8,480,Jurassic Park (1993),False,40,123,0.25
usuario_nuevo,611,0,False,content,9,589,Terminator 2: Judgment Day (1991),False,40,123,0.25
usuario_nuevo,611,0,False,content,10,2959,Fight Club (1999),False,40,123,0.25
usuario_nuevo,611,0,False,collaborative,1,356,Forrest Gump (1994),False,40,123,0.25
usuario_nuevo,611,0,False,collaborative,2,318,"Shawshank Redemption, The (1994)",False,40,123,0.25
usuario_nuevo,611,0,False,collaborative,3,296,Pulp Fiction (1994),False,40,123,0.25
usuario_nuevo,611,0,False,collaborative,4,2571,"Matrix, The (1999)",False,40,123,0.25
usuario_nuevo,611,0,False,collaborative,5,593,"Silence of the Lambs, The (1991)",False,40,123,0.25
usuario_nuevo,611,0,False,collaborative,6,260,Star Wars: Episode IV - A New Hope (1977),False,40,123,0.25
usuario_nuevo,611,0,False,collaborative,7,110,Braveheart (1995),False,40,123,0.25
usuario_nuevo,611,0,False,collaborative,8,480,Jurassic Park (1993),False,40,123,0.25
usuario_nuevo,611,0,False,collaborative,9,589,Terminator 2: Judgment Day (1991),False,40,123,0.25
usuario_nuevo,611,0,False,collaborative,10,2959,Fight Club (1999),False,40,123,0.25
usuario_nuevo,611,0,False,hybrid,1,356,Forrest Gump (1994),False,40,123,0.25
usuario_nuevo,611,0,False,hybrid,2,318,"Shawshank Redemption, The (1994)",False,40,123,0.25
usuario_nuevo,611,0,False,hybrid,3,296,Pulp Fiction (1994),False,40,123,0.25
usuario_nuevo,611,0,False,hybrid,4,2571,"Matrix, The (1999)",False,40,123,0.25
usuario_nuevo,611,0,False,hybrid,5,593,"Silence of the Lambs, The (1991)",False,40,123,0.25
usuario_nuevo,611,0,False,hybrid,6,260,Star Wars: Episode IV - A New Hope (1977),False,40,123,0.25
usuario_nuevo,611,0,False,hybrid,7,110,Braveheart (1995),False,40,123,0.25
usuario_nuevo,611,0,False,hybrid,8,480,Jurassic Park (1993),False,40,123,0.25
usuario_nuevo,611,0,False,hybrid,9,589,Terminator 2: Judgment Day (1991),False,40,123,0.25
usuario_nuevo,611,0,False,hybrid,10,2959,Fight Club (1999),False,40,123,0.25
historial_amplio,414,2697,True,popularity,1,1258,"Shining, The (1980)",False,40,123,0.5
historial_amplio,414,2697,True,popularity,2,8368,Harry Potter and the Prisoner of Azkaban (2004),False,40,123,0.5
historial_amplio,414,2697,True,popularity,3,19,Ace Ventura: When Nature Calls (1995),False,40,123,0.5
historial_amplio,414,2697,True,popularity,4,2324,Life Is Beautiful (La Vita è bella) (1997),False,40,123,0.5
historial_amplio,414,2697,True,popularity,5,410,Addams Family Values (1993),False,40,123,0.5
historial_amplio,414,2697,True,popularity,6,1219,Psycho (1960),False,40,123,0.5
historial_amplio,414,2697,True,popularity,7,317,"Santa Clause, The (1994)",False,40,123,0.5
historial_amplio,414,2697,True,popularity,8,520,Robin Hood: Men in Tights (1993),False,40,123,0.5
historial_amplio,414,2697,True,popularity,9,74458,Shutter Island (2010),False,40,123,0.5
historial_amplio,414,2697,True,popularity,10,48385,Borat: Cultural Learnings of America for Make Benefit Glorious Nation of Kazakhstan (2006),False,40,123,0.5
historial_amplio,414,2697,True,content,1,92259,Intouchables (2011),False,40,123,0.5
historial_amplio,414,2697,True,content,2,272,"Madness of King George, The (1994)",False,40,123,0.5
historial_amplio,414,2697,True,content,3,2431,Patch Adams (1998),False,40,123,0.5
historial_amplio,414,2697,True,content,4,2352,"Big Chill, The (1983)",False,40,123,0.5
historial_amplio,414,2697,True,content,5,1958,Terms of Endearment (1983),False,40,123,0.5
historial_amplio,414,2697,True,content,6,34437,Broken Flowers (2005),False,40,123,0.5
historial_amplio,414,2697,True,content,7,1292,Being There (1979),False,40,123,0.5
historial_amplio,414,2697,True,content,8,371,"Paper, The (1994)",False,40,123,0.5
historial_amplio,414,2697,True,content,9,194,Smoke (1995),False,40,123,0.5
historial_amplio,414,2697,True,content,10,65230,Marley & Me (2008),False,40,123,0.5
historial_amplio,414,2697,True,collaborative,1,1203,12 Angry Men (1957),False,40,123,0.5
historial_amplio,414,2697,True,collaborative,2,2324,Life Is Beautiful (La Vita è bella) (1997),False,40,123,0.5
historial_amplio,414,2697,True,collaborative,3,246,Hoop Dreams (1994),False,40,123,0.5
historial_amplio,414,2697,True,collaborative,4,74458,Shutter Island (2010),False,40,123,0.5
historial_amplio,414,2697,True,collaborative,5,1230,Annie Hall (1977),False,40,123,0.5
historial_amplio,414,2697,True,collaborative,6,914,My Fair Lady (1964),False,40,123,0.5
historial_amplio,414,2697,True,collaborative,7,1219,Psycho (1960),False,40,123,0.5
historial_amplio,414,2697,True,collaborative,8,898,"Philadelphia Story, The (1940)",False,40,123,0.5
historial_amplio,414,2697,True,collaborative,9,1258,"Shining, The (1980)",False,40,123,0.5
historial_amplio,414,2697,True,collaborative,10,44555,"Lives of Others, The (Das leben der Anderen) (2006)",False,40,123,0.5
historial_amplio,414,2697,True,hybrid,1,1203,12 Angry Men (1957),False,40,123,0.5
historial_amplio,414,2697,True,hybrid,2,2324,Life Is Beautiful (La Vita è bella) (1997),False,40,123,0.5
historial_amplio,414,2697,True,hybrid,3,898,"Philadelphia Story, The (1940)",False,40,123,0.5
historial_amplio,414,2697,True,hybrid,4,1244,Manhattan (1979),False,40,123,0.5
historial_amplio,414,2697,True,hybrid,5,92259,Intouchables (2011),False,40,123,0.5
historial_amplio,414,2697,True,hybrid,6,44555,"Lives of Others, The (Das leben der Anderen) (2006)",False,40,123,0.5
historial_amplio,414,2697,True,hybrid,7,914,My Fair Lady (1964),False,40,123,0.5
historial_amplio,414,2697,True,hybrid,8,1230,Annie Hall (1977),False,40,123,0.5
historial_amplio,414,2697,True,hybrid,9,3468,"Hustler, The (1961)",False,40,123,0.5
historial_amplio,414,2697,True,hybrid,10,74458,Shutter Island (2010),False,40,123,0.5
historial_pequeno,53,19,True,popularity,1,356,Forrest Gump (1994),False,40,123,0.5
historial_pequeno,53,19,True,popularity,2,318,"Shawshank Redemption, The (1994)",False,40,123,0.5
historial_pequeno,53,19,True,popularity,3,296,Pulp Fiction (1994),False,40,123,0.5
historial_pequeno,53,19,True,popularity,4,2571,"Matrix, The (1999)",False,40,123,0.5
historial_pequeno,53,19,True,popularity,5,593,"Silence of the Lambs, The (1991)",False,40,123,0.5
historial_pequeno,53,19,True,popularity,6,260,Star Wars: Episode IV - A New Hope (1977),False,40,123,0.5
historial_pequeno,53,19,True,popularity,7,110,Braveheart (1995),False,40,123,0.5
historial_pequeno,53,19,True,popularity,8,480,Jurassic Park (1993),False,40,123,0.5
historial_pequeno,53,19,True,popularity,9,589,Terminator 2: Judgment Day (1991),False,40,123,0.5
historial_pequeno,53,19,True,popularity,10,2959,Fight Club (1999),False,40,123,0.5
historial_pequeno,53,19,True,content,1,72142,Love Exposure (Ai No Mukidashi) (2008),False,40,123,0.5
historial_pequeno,53,19,True,content,2,539,Sleepless in Seattle (1993),False,40,123,0.5
historial_pequeno,53,19,True,content,3,1784,As Good as It Gets (1997),False,40,123,0.5
historial_pequeno,53,19,True,content,4,2396,Shakespeare in Love (1998),False,40,123,0.5
historial_pequeno,53,19,True,content,5,1247,"Graduate, The (1967)",False,40,123,0.5
historial_pequeno,53,19,True,content,6,3481,High Fidelity (2000),False,40,123,0.5
historial_pequeno,53,19,True,content,7,6711,Lost in Translation (2003),False,40,123,0.5
historial_pequeno,53,19,True,content,8,11,"American President, The (1995)",False,40,123,0.5
historial_pequeno,53,19,True,content,9,56367,Juno (2007),False,40,123,0.5
historial_pequeno,53,19,True,content,10,4246,Bridget Jones's Diary (2001),False,40,123,0.5
historial_pequeno,53,19,True,collaborative,1,4015,"Dude, Where's My Car? (2000)",False,40,123,0.5
historial_pequeno,53,19,True,collaborative,2,2006,"Mask of Zorro, The (1998)",False,40,123,0.5
historial_pequeno,53,19,True,collaborative,3,3623,Mission: Impossible II (2000),False,40,123,0.5
historial_pequeno,53,19,True,collaborative,4,5481,Austin Powers in Goldmember (2002),False,40,123,0.5
historial_pequeno,53,19,True,collaborative,5,2710,"Blair Witch Project, The (1999)",False,40,123,0.5
historial_pequeno,53,19,True,collaborative,6,3882,Bring It On (2000),False,40,123,0.5
historial_pequeno,53,19,True,collaborative,7,432,City Slickers II: The Legend of Curly's Gold (1994),False,40,123,0.5
historial_pequeno,53,19,True,collaborative,8,317,"Santa Clause, The (1994)",False,40,123,0.5
historial_pequeno,53,19,True,collaborative,9,2411,Rocky IV (1985),False,40,123,0.5
historial_pequeno,53,19,True,collaborative,10,160,Congo (1995),False,40,123,0.5
historial_pequeno,53,19,True,hybrid,1,2006,"Mask of Zorro, The (1998)",False,40,123,0.5
historial_pequeno,53,19,True,hybrid,2,500,Mrs. Doubtfire (1993),False,40,123,0.5
historial_pequeno,53,19,True,hybrid,3,4015,"Dude, Where's My Car? (2000)",False,40,123,0.5
historial_pequeno,53,19,True,hybrid,4,2411,Rocky IV (1985),False,40,123,0.5
historial_pequeno,53,19,True,hybrid,5,5481,Austin Powers in Goldmember (2002),False,40,123,0.5
historial_pequeno,53,19,True,hybrid,6,2710,"Blair Witch Project, The (1999)",False,40,123,0.5
historial_pequeno,53,19,True,hybrid,7,3882,Bring It On (2000),False,40,123,0.5
historial_pequeno,53,19,True,hybrid,8,1393,Jerry Maguire (1996),False,40,123,0.5
historial_pequeno,53,19,True,hybrid,9,3623,Mission: Impossible II (2000),False,40,123,0.5
historial_pequeno,53,19,True,hybrid,10,56367,Juno (2007),False,40,123,0.5
usuario_nuevo,611,0,False,popularity,1,356,Forrest Gump (1994),False,40,123,0.5
usuario_nuevo,611,0,False,popularity,2,318,"Shawshank Redemption, The (1994)",False,40,123,0.5
usuario_nuevo,611,0,False,popularity,3,296,Pulp Fiction (1994),False,40,123,0.5
usuario_nuevo,611,0,False,popularity,4,2571,"Matrix, The (1999)",False,40,123,0.5
usuario_nuevo,611,0,False,popularity,5,593,"Silence of the Lambs, The (1991)",False,40,123,0.5
usuario_nuevo,611,0,False,popularity,6,260,Star Wars: Episode IV - A New Hope (1977),False,40,123,0.5
usuario_nuevo,611,0,False,popularity,7,110,Braveheart (1995),False,40,123,0.5
usuario_nuevo,611,0,False,popularity,8,480,Jurassic Park (1993),False,40,123,0.5
usuario_nuevo,611,0,False,popularity,9,589,Terminator 2: Judgment Day (1991),False,40,123,0.5
usuario_nuevo,611,0,False,popularity,10,2959,Fight Club (1999),False,40,123,0.5
usuario_nuevo,611,0,False,content,1,356,Forrest Gump (1994),False,40,123,0.5
usuario_nuevo,611,0,False,content,2,318,"Shawshank Redemption, The (1994)",False,40,123,0.5
usuario_nuevo,611,0,False,content,3,296,Pulp Fiction (1994),False,40,123,0.5
usuario_nuevo,611,0,False,content,4,2571,"Matrix, The (1999)",False,40,123,0.5
usuario_nuevo,611,0,False,content,5,593,"Silence of the Lambs, The (1991)",False,40,123,0.5
usuario_nuevo,611,0,False,content,6,260,Star Wars: Episode IV - A New Hope (1977),False,40,123,0.5
usuario_nuevo,611,0,False,content,7,110,Braveheart (1995),False,40,123,0.5
usuario_nuevo,611,0,False,content,8,480,Jurassic Park (1993),False,40,123,0.5
usuario_nuevo,611,0,False,content,9,589,Terminator 2: Judgment Day (1991),False,40,123,0.5
usuario_nuevo,611,0,False,content,10,2959,Fight Club (1999),False,40,123,0.5
usuario_nuevo,611,0,False,collaborative,1,356,Forrest Gump (1994),False,40,123,0.5
usuario_nuevo,611,0,False,collaborative,2,318,"Shawshank Redemption, The (1994)",False,40,123,0.5
usuario_nuevo,611,0,False,collaborative,3,296,Pulp Fiction (1994),False,40,123,0.5
usuario_nuevo,611,0,False,collaborative,4,2571,"Matrix, The (1999)",False,40,123,0.5
usuario_nuevo,611,0,False,collaborative,5,593,"Silence of the Lambs, The (1991)",False,40,123,0.5
usuario_nuevo,611,0,False,collaborative,6,260,Star Wars: Episode IV - A New Hope (1977),False,40,123,0.5
usuario_nuevo,611,0,False,collaborative,7,110,Braveheart (1995),False,40,123,0.5
usuario_nuevo,611,0,False,collaborative,8,480,Jurassic Park (1993),False,40,123,0.5
usuario_nuevo,611,0,False,collaborative,9,589,Terminator 2: Judgment Day (1991),False,40,123,0.5
usuario_nuevo,611,0,False,collaborative,10,2959,Fight Club (1999),False,40,123,0.5
usuario_nuevo,611,0,False,hybrid,1,356,Forrest Gump (1994),False,40,123,0.5
usuario_nuevo,611,0,False,hybrid,2,318,"Shawshank Redemption, The (1994)",False,40,123,0.5
usuario_nuevo,611,0,False,hybrid,3,296,Pulp Fiction (1994),False,40,123,0.5
usuario_nuevo,611,0,False,hybrid,4,2571,"Matrix, The (1999)",False,40,123,0.5
usuario_nuevo,611,0,False,hybrid,5,593,"Silence of the Lambs, The (1991)",False,40,123,0.5
usuario_nuevo,611,0,False,hybrid,6,260,Star Wars: Episode IV - A New Hope (1977),False,40,123,0.5
usuario_nuevo,611,0,False,hybrid,7,110,Braveheart (1995),False,40,123,0.5
usuario_nuevo,611,0,False,hybrid,8,480,Jurassic Park (1993),False,40,123,0.5
usuario_nuevo,611,0,False,hybrid,9,589,Terminator 2: Judgment Day (1991),False,40,123,0.5
usuario_nuevo,611,0,False,hybrid,10,2959,Fight Club (1999),False,40,123,0.5
historial_amplio,414,2697,True,popularity,1,1258,"Shining, The (1980)",False,40,123,0.75
historial_amplio,414,2697,True,popularity,2,8368,Harry Potter and the Prisoner of Azkaban (2004),False,40,123,0.75
historial_amplio,414,2697,True,popularity,3,19,Ace Ventura: When Nature Calls (1995),False,40,123,0.75
historial_amplio,414,2697,True,popularity,4,2324,Life Is Beautiful (La Vita è bella) (1997),False,40,123,0.75
historial_amplio,414,2697,True,popularity,5,410,Addams Family Values (1993),False,40,123,0.75
historial_amplio,414,2697,True,popularity,6,1219,Psycho (1960),False,40,123,0.75
historial_amplio,414,2697,True,popularity,7,317,"Santa Clause, The (1994)",False,40,123,0.75
historial_amplio,414,2697,True,popularity,8,520,Robin Hood: Men in Tights (1993),False,40,123,0.75
historial_amplio,414,2697,True,popularity,9,74458,Shutter Island (2010),False,40,123,0.75
historial_amplio,414,2697,True,popularity,10,48385,Borat: Cultural Learnings of America for Make Benefit Glorious Nation of Kazakhstan (2006),False,40,123,0.75
historial_amplio,414,2697,True,content,1,92259,Intouchables (2011),False,40,123,0.75
historial_amplio,414,2697,True,content,2,272,"Madness of King George, The (1994)",False,40,123,0.75
historial_amplio,414,2697,True,content,3,2431,Patch Adams (1998),False,40,123,0.75
historial_amplio,414,2697,True,content,4,2352,"Big Chill, The (1983)",False,40,123,0.75
historial_amplio,414,2697,True,content,5,1958,Terms of Endearment (1983),False,40,123,0.75
historial_amplio,414,2697,True,content,6,34437,Broken Flowers (2005),False,40,123,0.75
historial_amplio,414,2697,True,content,7,1292,Being There (1979),False,40,123,0.75
historial_amplio,414,2697,True,content,8,371,"Paper, The (1994)",False,40,123,0.75
historial_amplio,414,2697,True,content,9,194,Smoke (1995),False,40,123,0.75
historial_amplio,414,2697,True,content,10,65230,Marley & Me (2008),False,40,123,0.75
historial_amplio,414,2697,True,collaborative,1,1203,12 Angry Men (1957),False,40,123,0.75
historial_amplio,414,2697,True,collaborative,2,2324,Life Is Beautiful (La Vita è bella) (1997),False,40,123,0.75
historial_amplio,414,2697,True,collaborative,3,246,Hoop Dreams (1994),False,40,123,0.75
historial_amplio,414,2697,True,collaborative,4,74458,Shutter Island (2010),False,40,123,0.75
historial_amplio,414,2697,True,collaborative,5,1230,Annie Hall (1977),False,40,123,0.75
historial_amplio,414,2697,True,collaborative,6,914,My Fair Lady (1964),False,40,123,0.75
historial_amplio,414,2697,True,collaborative,7,1219,Psycho (1960),False,40,123,0.75
historial_amplio,414,2697,True,collaborative,8,898,"Philadelphia Story, The (1940)",False,40,123,0.75
historial_amplio,414,2697,True,collaborative,9,1258,"Shining, The (1980)",False,40,123,0.75
historial_amplio,414,2697,True,collaborative,10,44555,"Lives of Others, The (Das leben der Anderen) (2006)",False,40,123,0.75
historial_amplio,414,2697,True,hybrid,1,1203,12 Angry Men (1957),False,40,123,0.75
historial_amplio,414,2697,True,hybrid,2,2324,Life Is Beautiful (La Vita è bella) (1997),False,40,123,0.75
historial_amplio,414,2697,True,hybrid,3,898,"Philadelphia Story, The (1940)",False,40,123,0.75
historial_amplio,414,2697,True,hybrid,4,1230,Annie Hall (1977),False,40,123,0.75
historial_amplio,414,2697,True,hybrid,5,914,My Fair Lady (1964),False,40,123,0.75
historial_amplio,414,2697,True,hybrid,6,74458,Shutter Island (2010),False,40,123,0.75
historial_amplio,414,2697,True,hybrid,7,1244,Manhattan (1979),False,40,123,0.75
historial_amplio,414,2697,True,hybrid,8,44555,"Lives of Others, The (Das leben der Anderen) (2006)",False,40,123,0.75
historial_amplio,414,2697,True,hybrid,9,92259,Intouchables (2011),False,40,123,0.75
historial_amplio,414,2697,True,hybrid,10,246,Hoop Dreams (1994),False,40,123,0.75
historial_pequeno,53,19,True,popularity,1,356,Forrest Gump (1994),False,40,123,0.75
historial_pequeno,53,19,True,popularity,2,318,"Shawshank Redemption, The (1994)",False,40,123,0.75
historial_pequeno,53,19,True,popularity,3,296,Pulp Fiction (1994),False,40,123,0.75
historial_pequeno,53,19,True,popularity,4,2571,"Matrix, The (1999)",False,40,123,0.75
historial_pequeno,53,19,True,popularity,5,593,"Silence of the Lambs, The (1991)",False,40,123,0.75
historial_pequeno,53,19,True,popularity,6,260,Star Wars: Episode IV - A New Hope (1977),False,40,123,0.75
historial_pequeno,53,19,True,popularity,7,110,Braveheart (1995),False,40,123,0.75
historial_pequeno,53,19,True,popularity,8,480,Jurassic Park (1993),False,40,123,0.75
historial_pequeno,53,19,True,popularity,9,589,Terminator 2: Judgment Day (1991),False,40,123,0.75
historial_pequeno,53,19,True,popularity,10,2959,Fight Club (1999),False,40,123,0.75
historial_pequeno,53,19,True,content,1,72142,Love Exposure (Ai No Mukidashi) (2008),False,40,123,0.75
historial_pequeno,53,19,True,content,2,539,Sleepless in Seattle (1993),False,40,123,0.75
historial_pequeno,53,19,True,content,3,1784,As Good as It Gets (1997),False,40,123,0.75
historial_pequeno,53,19,True,content,4,2396,Shakespeare in Love (1998),False,40,123,0.75
historial_pequeno,53,19,True,content,5,1247,"Graduate, The (1967)",False,40,123,0.75
historial_pequeno,53,19,True,content,6,3481,High Fidelity (2000),False,40,123,0.75
historial_pequeno,53,19,True,content,7,6711,Lost in Translation (2003),False,40,123,0.75
historial_pequeno,53,19,True,content,8,11,"American President, The (1995)",False,40,123,0.75
historial_pequeno,53,19,True,content,9,56367,Juno (2007),False,40,123,0.75
historial_pequeno,53,19,True,content,10,4246,Bridget Jones's Diary (2001),False,40,123,0.75
historial_pequeno,53,19,True,collaborative,1,4015,"Dude, Where's My Car? (2000)",False,40,123,0.75
historial_pequeno,53,19,True,collaborative,2,2006,"Mask of Zorro, The (1998)",False,40,123,0.75
historial_pequeno,53,19,True,collaborative,3,3623,Mission: Impossible II (2000),False,40,123,0.75
historial_pequeno,53,19,True,collaborative,4,5481,Austin Powers in Goldmember (2002),False,40,123,0.75
historial_pequeno,53,19,True,collaborative,5,2710,"Blair Witch Project, The (1999)",False,40,123,0.75
historial_pequeno,53,19,True,collaborative,6,3882,Bring It On (2000),False,40,123,0.75
historial_pequeno,53,19,True,collaborative,7,432,City Slickers II: The Legend of Curly's Gold (1994),False,40,123,0.75
historial_pequeno,53,19,True,collaborative,8,317,"Santa Clause, The (1994)",False,40,123,0.75
historial_pequeno,53,19,True,collaborative,9,2411,Rocky IV (1985),False,40,123,0.75
historial_pequeno,53,19,True,collaborative,10,160,Congo (1995),False,40,123,0.75
historial_pequeno,53,19,True,hybrid,1,4015,"Dude, Where's My Car? (2000)",False,40,123,0.75
historial_pequeno,53,19,True,hybrid,2,2006,"Mask of Zorro, The (1998)",False,40,123,0.75
historial_pequeno,53,19,True,hybrid,3,3623,Mission: Impossible II (2000),False,40,123,0.75
historial_pequeno,53,19,True,hybrid,4,5481,Austin Powers in Goldmember (2002),False,40,123,0.75
historial_pequeno,53,19,True,hybrid,5,2710,"Blair Witch Project, The (1999)",False,40,123,0.75
historial_pequeno,53,19,True,hybrid,6,3882,Bring It On (2000),False,40,123,0.75
historial_pequeno,53,19,True,hybrid,7,2411,Rocky IV (1985),False,40,123,0.75
historial_pequeno,53,19,True,hybrid,8,500,Mrs. Doubtfire (1993),False,40,123,0.75
historial_pequeno,53,19,True,hybrid,9,317,"Santa Clause, The (1994)",False,40,123,0.75
historial_pequeno,53,19,True,hybrid,10,1917,Armageddon (1998),False,40,123,0.75
usuario_nuevo,611,0,False,popularity,1,356,Forrest Gump (1994),False,40,123,0.75
usuario_nuevo,611,0,False,popularity,2,318,"Shawshank Redemption, The (1994)",False,40,123,0.75
usuario_nuevo,611,0,False,popularity,3,296,Pulp Fiction (1994),False,40,123,0.75
usuario_nuevo,611,0,False,popularity,4,2571,"Matrix, The (1999)",False,40,123,0.75
usuario_nuevo,611,0,False,popularity,5,593,"Silence of the Lambs, The (1991)",False,40,123,0.75
usuario_nuevo,611,0,False,popularity,6,260,Star Wars: Episode IV - A New Hope (1977),False,40,123,0.75
usuario_nuevo,611,0,False,popularity,7,110,Braveheart (1995),False,40,123,0.75
usuario_nuevo,611,0,False,popularity,8,480,Jurassic Park (1993),False,40,123,0.75
usuario_nuevo,611,0,False,popularity,9,589,Terminator 2: Judgment Day (1991),False,40,123,0.75
usuario_nuevo,611,0,False,popularity,10,2959,Fight Club (1999),False,40,123,0.75
usuario_nuevo,611,0,False,content,1,356,Forrest Gump (1994),False,40,123,0.75
usuario_nuevo,611,0,False,content,2,318,"Shawshank Redemption, The (1994)",False,40,123,0.75
usuario_nuevo,611,0,False,content,3,296,Pulp Fiction (1994),False,40,123,0.75
usuario_nuevo,611,0,False,content,4,2571,"Matrix, The (1999)",False,40,123,0.75
usuario_nuevo,611,0,False,content,5,593,"Silence of the Lambs, The (1991)",False,40,123,0.75
usuario_nuevo,611,0,False,content,6,260,Star Wars: Episode IV - A New Hope (1977),False,40,123,0.75
usuario_nuevo,611,0,False,content,7,110,Braveheart (1995),False,40,123,0.75
usuario_nuevo,611,0,False,content,8,480,Jurassic Park (1993),False,40,123,0.75
usuario_nuevo,611,0,False,content,9,589,Terminator 2: Judgment Day (1991),False,40,123,0.75
usuario_nuevo,611,0,False,content,10,2959,Fight Club (1999),False,40,123,0.75
usuario_nuevo,611,0,False,collaborative,1,356,Forrest Gump (1994),False,40,123,0.75
usuario_nuevo,611,0,False,collaborative,2,318,"Shawshank Redemption, The (1994)",False,40,123,0.75
usuario_nuevo,611,0,False,collaborative,3,296,Pulp Fiction (1994),False,40,123,0.75
usuario_nuevo,611,0,False,collaborative,4,2571,"Matrix, The (1999)",False,40,123,0.75
usuario_nuevo,611,0,False,collaborative,5,593,"Silence of the Lambs, The (1991)",False,40,123,0.75
usuario_nuevo,611,0,False,collaborative,6,260,Star Wars: Episode IV - A New Hope (1977),False,40,123,0.75
usuario_nuevo,611,0,False,collaborative,7,110,Braveheart (1995),False,40,123,0.75
usuario_nuevo,611,0,False,collaborative,8,480,Jurassic Park (1993),False,40,123,0.75
usuario_nuevo,611,0,False,collaborative,9,589,Terminator 2: Judgment Day (1991),False,40,123,0.75
usuario_nuevo,611,0,False,collaborative,10,2959,Fight Club (1999),False,40,123,0.75
usuario_nuevo,611,0,False,hybrid,1,356,Forrest Gump (1994),False,40,123,0.75
usuario_nuevo,611,0,False,hybrid,2,318,"Shawshank Redemption, The (1994)",False,40,123,0.75
usuario_nuevo,611,0,False,hybrid,3,296,Pulp Fiction (1994),False,40,123,0.75
usuario_nuevo,611,0,False,hybrid,4,2571,"Matrix, The (1999)",False,40,123,0.75
usuario_nuevo,611,0,False,hybrid,5,593,"Silence of the Lambs, The (1991)",False,40,123,0.75
usuario_nuevo,611,0,False,hybrid,6,260,Star Wars: Episode IV - A New Hope (1977),False,40,123,0.75
usuario_nuevo,611,0,False,hybrid,7,110,Braveheart (1995),False,40,123,0.75
usuario_nuevo,611,0,False,hybrid,8,480,Jurassic Park (1993),False,40,123,0.75
usuario_nuevo,611,0,False,hybrid,9,589,Terminator 2: Judgment Day (1991),False,40,123,0.75
usuario_nuevo,611,0,False,hybrid,10,2959,Fight Club (1999),False,40,123,0.75
